window_path,source_file,category,expected,window_seconds,start_seconds,end_seconds,similarity,inference_ms
recordings/windows/1s/clean_30s_en/window_0000.wav,clean_30s_en.wav,clean,accept,1,0.000,1.000,0.220203,10.484
recordings/windows/1s/clean_30s_en/window_0001.wav,clean_30s_en.wav,clean,accept,1,1.000,2.000,0.564669,9.903
recordings/windows/1s/clean_30s_en/window_0002.wav,clean_30s_en.wav,clean,accept,1,2.000,3.000,0.592982,9.503
recordings/windows/1s/clean_30s_en/window_0003.wav,clean_30s_en.wav,clean,accept,1,3.000,4.000,0.338382,9.423
recordings/windows/1s/clean_30s_en/window_0004.wav,clean_30s_en.wav,clean,accept,1,4.000,5.000,0.333358,9.394
recordings/windows/1s/clean_30s_en/window_0005.wav,clean_30s_en.wav,clean,accept,1,5.000,6.000,0.437994,9.391
recordings/windows/1s/clean_30s_en/window_0006.wav,clean_30s_en.wav,clean,accept,1,6.000,7.000,0.554329,9.346
recordings/windows/1s/clean_30s_en/window_0007.wav,clean_30s_en.wav,clean,accept,1,7.000,8.000,0.565166,9.377
recordings/windows/1s/clean_30s_en/window_0008.wav,clean_30s_en.wav,clean,accept,1,8.000,9.000,0.510469,9.324
recordings/windows/1s/clean_30s_en/window_0009.wav,clean_30s_en.wav,clean,accept,1,9.000,10.000,0.560330,9.513
recordings/windows/1s/clean_30s_en/window_0010.wav,clean_30s_en.wav,clean,accept,1,10.000,11.000,0.438300,10.067
recordings/windows/1s/clean_30s_en/window_0011.wav,clean_30s_en.wav,clean,accept,1,11.000,12.000,0.499635,9.610
recordings/windows/1s/clean_30s_en/window_0012.wav,clean_30s_en.wav,clean,accept,1,12.000,13.000,0.337871,9.558
recordings/windows/1s/clean_30s_en/window_0013.wav,clean_30s_en.wav,clean,accept,1,13.000,14.000,0.367767,9.944
recordings/windows/1s/clean_30s_en/window_0014.wav,clean_30s_en.wav,clean,accept,1,14.000,15.000,0.539732,9.661
recordings/windows/1s/clean_30s_en/window_0015.wav,clean_30s_en.wav,clean,accept,1,15.000,16.000,0.477153,9.315
recordings/windows/1s/clean_30s_en/window_0016.wav,clean_30s_en.wav,clean,accept,1,16.000,17.000,0.439712,9.321
recordings/windows/1s/clean_30s_en/window_0017.wav,clean_30s_en.wav,clean,accept,1,17.000,18.000,0.469477,9.343
recordings/windows/1s/clean_30s_en/window_0018.wav,clean_30s_en.wav,clean,accept,1,18.000,19.000,0.337075,9.344
recordings/windows/1s/clean_30s_en/window_0019.wav,clean_30s_en.wav,clean,accept,1,19.000,20.000,0.147479,9.298
recordings/windows/1s/clean_30s_en/window_0020.wav,clean_30s_en.wav,clean,accept,1,20.000,21.000,0.449353,9.305
recordings/windows/1s/clean_30s_en/window_0021.wav,clean_30s_en.wav,clean,accept,1,21.000,22.000,0.457351,9.304
recordings/windows/1s/clean_30s_en/window_0022.wav,clean_30s_en.wav,clean,accept,1,22.000,23.000,0.444808,9.327
recordings/windows/1s/clean_30s_en/window_0023.wav,clean_30s_en.wav,clean,accept,1,23.000,24.000,0.518004,9.244
recordings/windows/1s/clean_30s_en/window_0024.wav,clean_30s_en.wav,clean,accept,1,24.000,25.000,0.421921,9.276
recordings/windows/1s/clean_30s_en/window_0025.wav,clean_30s_en.wav,clean,accept,1,25.000,26.000,0.324434,9.258
recordings/windows/1s/clean_30s_en/window_0026.wav,clean_30s_en.wav,clean,accept,1,26.000,27.000,0.369664,9.269
recordings/windows/1s/clean_30s_en/window_0027.wav,clean_30s_en.wav,clean,accept,1,27.000,28.000,0.329613,9.249
recordings/windows/1s/clean_30s_en/window_0028.wav,clean_30s_en.wav,clean,accept,1,28.000,29.000,0.506645,9.217
recordings/windows/1s/clean_30s_en/window_0029.wav,clean_30s_en.wav,clean,accept,1,29.000,30.000,0.531840,9.262
recordings/windows/1s/clean_30s_en/window_0030.wav,clean_30s_en.wav,clean,accept,1,30.000,31.000,0.373644,9.271
recordings/windows/1s/clean_30s_en/window_0031.wav,clean_30s_en.wav,clean,accept,1,31.000,32.000,0.556730,9.298
recordings/windows/1s/clean_30s_en/window_0032.wav,clean_30s_en.wav,clean,accept,1,32.000,33.000,0.513331,9.282
recordings/windows/1s/clean_30s_en/window_0033.wav,clean_30s_en.wav,clean,accept,1,33.000,34.000,0.228458,9.418
recordings/windows/1s/clean_30s_en/window_0034.wav,clean_30s_en.wav,clean,accept,1,34.000,35.000,0.447712,9.299
recordings/windows/1p5s/clean_30s_en/window_0000.wav,clean_30s_en.wav,clean,accept,1.5,0.000,1.500,0.558729,11.316
recordings/windows/1p5s/clean_30s_en/window_0001.wav,clean_30s_en.wav,clean,accept,1.5,1.500,3.000,0.655169,10.861
recordings/windows/1p5s/clean_30s_en/window_0002.wav,clean_30s_en.wav,clean,accept,1.5,3.000,4.500,0.324666,10.914
recordings/windows/1p5s/clean_30s_en/window_0003.wav,clean_30s_en.wav,clean,accept,1.5,4.500,6.000,0.495786,10.865
recordings/windows/1p5s/clean_30s_en/window_0004.wav,clean_30s_en.wav,clean,accept,1.5,6.000,7.500,0.648316,10.518
recordings/windows/1p5s/clean_30s_en/window_0005.wav,clean_30s_en.wav,clean,accept,1.5,7.500,9.000,0.541171,10.788
recordings/windows/1p5s/clean_30s_en/window_0006.wav,clean_30s_en.wav,clean,accept,1.5,9.000,10.500,0.661682,10.976
recordings/windows/1p5s/clean_30s_en/window_0007.wav,clean_30s_en.wav,clean,accept,1.5,10.500,12.000,0.611766,10.957
recordings/windows/1p5s/clean_30s_en/window_0008.wav,clean_30s_en.wav,clean,accept,1.5,12.000,13.500,0.420045,10.816
recordings/windows/1p5s/clean_30s_en/window_0009.wav,clean_30s_en.wav,clean,accept,1.5,13.500,15.000,0.529343,10.929
recordings/windows/1p5s/clean_30s_en/window_0010.wav,clean_30s_en.wav,clean,accept,1.5,15.000,16.500,0.565690,11.019
recordings/windows/1p5s/clean_30s_en/window_0011.wav,clean_30s_en.wav,clean,accept,1.5,16.500,18.000,0.577409,10.936
recordings/windows/1p5s/clean_30s_en/window_0012.wav,clean_30s_en.wav,clean,accept,1.5,18.000,19.500,0.397000,10.962
recordings/windows/1p5s/clean_30s_en/window_0013.wav,clean_30s_en.wav,clean,accept,1.5,19.500,21.000,0.534905,10.900
recordings/windows/1p5s/clean_30s_en/window_0014.wav,clean_30s_en.wav,clean,accept,1.5,21.000,22.500,0.615428,10.991
recordings/windows/1p5s/clean_30s_en/window_0015.wav,clean_30s_en.wav,clean,accept,1.5,22.500,24.000,0.561511,10.956
recordings/windows/1p5s/clean_30s_en/window_0016.wav,clean_30s_en.wav,clean,accept,1.5,24.000,25.500,0.485056,10.882
recordings/windows/1p5s/clean_30s_en/window_0017.wav,clean_30s_en.wav,clean,accept,1.5,25.500,27.000,0.580204,10.905
recordings/windows/1p5s/clean_30s_en/window_0018.wav,clean_30s_en.wav,clean,accept,1.5,27.000,28.500,0.437164,11.035
recordings/windows/1p5s/clean_30s_en/window_0019.wav,clean_30s_en.wav,clean,accept,1.5,28.500,30.000,0.615554,10.973
recordings/windows/1p5s/clean_30s_en/window_0020.wav,clean_30s_en.wav,clean,accept,1.5,30.000,31.500,0.570126,10.887
recordings/windows/1p5s/clean_30s_en/window_0021.wav,clean_30s_en.wav,clean,accept,1.5,31.500,33.000,0.588079,11.518
recordings/windows/1p5s/clean_30s_en/window_0022.wav,clean_30s_en.wav,clean,accept,1.5,33.000,34.500,0.481666,11.433
recordings/windows/2s/clean_30s_en/window_0000.wav,clean_30s_en.wav,clean,accept,2,0.000,2.000,0.644903,12.864
recordings/windows/2s/clean_30s_en/window_0001.wav,clean_30s_en.wav,clean,accept,2,2.000,4.000,0.636710,12.832
recordings/windows/2s/clean_30s_en/window_0002.wav,clean_30s_en.wav,clean,accept,2,4.000,6.000,0.506636,12.853
recordings/windows/2s/clean_30s_en/window_0003.wav,clean_30s_en.wav,clean,accept,2,6.000,8.000,0.685475,13.020
recordings/windows/2s/clean_30s_en/window_0004.wav,clean_30s_en.wav,clean,accept,2,8.000,10.000,0.628448,12.990
recordings/windows/2s/clean_30s_en/window_0005.wav,clean_30s_en.wav,clean,accept,2,10.000,12.000,0.619008,12.981
recordings/windows/2s/clean_30s_en/window_0006.wav,clean_30s_en.wav,clean,accept,2,12.000,14.000,0.434979,12.906
recordings/windows/2s/clean_30s_en/window_0007.wav,clean_30s_en.wav,clean,accept,2,14.000,16.000,0.563717,13.012
recordings/windows/2s/clean_30s_en/window_0008.wav,clean_30s_en.wav,clean,accept,2,16.000,18.000,0.619222,12.783
recordings/windows/2s/clean_30s_en/window_0009.wav,clean_30s_en.wav,clean,accept,2,18.000,20.000,0.403134,12.756
recordings/windows/2s/clean_30s_en/window_0010.wav,clean_30s_en.wav,clean,accept,2,20.000,22.000,0.625916,12.752
recordings/windows/2s/clean_30s_en/window_0011.wav,clean_30s_en.wav,clean,accept,2,22.000,24.000,0.606446,12.626
recordings/windows/2s/clean_30s_en/window_0012.wav,clean_30s_en.wav,clean,accept,2,24.000,26.000,0.514923,12.643
recordings/windows/2s/clean_30s_en/window_0013.wav,clean_30s_en.wav,clean,accept,2,26.000,28.000,0.436428,12.604
recordings/windows/2s/clean_30s_en/window_0014.wav,clean_30s_en.wav,clean,accept,2,28.000,30.000,0.639819,12.587
recordings/windows/2s/clean_30s_en/window_0015.wav,clean_30s_en.wav,clean,accept,2,30.000,32.000,0.608394,12.881
recordings/windows/2s/clean_30s_en/window_0016.wav,clean_30s_en.wav,clean,accept,2,32.000,34.000,0.495122,12.618
recordings/windows/1s/clean_30s_ja/window_0000.wav,clean_30s_ja.wav,clean,accept,1,0.000,1.000,0.315559,9.654
recordings/windows/1s/clean_30s_ja/window_0001.wav,clean_30s_ja.wav,clean,accept,1,1.000,2.000,0.502421,9.785
recordings/windows/1s/clean_30s_ja/window_0002.wav,clean_30s_ja.wav,clean,accept,1,2.000,3.000,0.556054,9.786
recordings/windows/1s/clean_30s_ja/window_0003.wav,clean_30s_ja.wav,clean,accept,1,3.000,4.000,0.510719,9.700
recordings/windows/1s/clean_30s_ja/window_0004.wav,clean_30s_ja.wav,clean,accept,1,4.000,5.000,0.590159,9.464
recordings/windows/1s/clean_30s_ja/window_0005.wav,clean_30s_ja.wav,clean,accept,1,5.000,6.000,0.615511,9.576
recordings/windows/1s/clean_30s_ja/window_0006.wav,clean_30s_ja.wav,clean,accept,1,6.000,7.000,0.400326,9.520
recordings/windows/1s/clean_30s_ja/window_0007.wav,clean_30s_ja.wav,clean,accept,1,7.000,8.000,0.543082,9.742
recordings/windows/1s/clean_30s_ja/window_0008.wav,clean_30s_ja.wav,clean,accept,1,8.000,9.000,0.518044,9.330
recordings/windows/1s/clean_30s_ja/window_0009.wav,clean_30s_ja.wav,clean,accept,1,9.000,10.000,0.587077,9.445
recordings/windows/1s/clean_30s_ja/window_0010.wav,clean_30s_ja.wav,clean,accept,1,10.000,11.000,0.473042,9.399
recordings/windows/1s/clean_30s_ja/window_0011.wav,clean_30s_ja.wav,clean,accept,1,11.000,12.000,0.532358,9.366
recordings/windows/1s/clean_30s_ja/window_0012.wav,clean_30s_ja.wav,clean,accept,1,12.000,13.000,0.457832,9.439
recordings/windows/1s/clean_30s_ja/window_0013.wav,clean_30s_ja.wav,clean,accept,1,13.000,14.000,0.623931,9.430
recordings/windows/1s/clean_30s_ja/window_0014.wav,clean_30s_ja.wav,clean,accept,1,14.000,15.000,0.571977,9.388
recordings/windows/1s/clean_30s_ja/window_0015.wav,clean_30s_ja.wav,clean,accept,1,15.000,16.000,0.562006,9.640
recordings/windows/1s/clean_30s_ja/window_0016.wav,clean_30s_ja.wav,clean,accept,1,16.000,17.000,0.542343,9.505
recordings/windows/1s/clean_30s_ja/window_0017.wav,clean_30s_ja.wav,clean,accept,1,17.000,18.000,0.542218,11.529
recordings/windows/1s/clean_30s_ja/window_0018.wav,clean_30s_ja.wav,clean,accept,1,18.000,19.000,0.428530,18.904
recordings/windows/1s/clean_30s_ja/window_0019.wav,clean_30s_ja.wav,clean,accept,1,19.000,20.000,0.114237,9.536
recordings/windows/1s/clean_30s_ja/window_0020.wav,clean_30s_ja.wav,clean,accept,1,20.000,21.000,0.490384,9.536
recordings/windows/1s/clean_30s_ja/window_0021.wav,clean_30s_ja.wav,clean,accept,1,21.000,22.000,0.618742,9.429
recordings/windows/1s/clean_30s_ja/window_0022.wav,clean_30s_ja.wav,clean,accept,1,22.000,23.000,0.005225,9.619
recordings/windows/1s/clean_30s_ja/window_0023.wav,clean_30s_ja.wav,clean,accept,1,23.000,24.000,0.652316,9.440
recordings/windows/1s/clean_30s_ja/window_0024.wav,clean_30s_ja.wav,clean,accept,1,24.000,25.000,0.569500,10.077
recordings/windows/1s/clean_30s_ja/window_0025.wav,clean_30s_ja.wav,clean,accept,1,25.000,26.000,0.454463,10.277
recordings/windows/1s/clean_30s_ja/window_0026.wav,clean_30s_ja.wav,clean,accept,1,26.000,27.000,0.411146,9.861
recordings/windows/1s/clean_30s_ja/window_0027.wav,clean_30s_ja.wav,clean,accept,1,27.000,28.000,0.580317,9.587
recordings/windows/1s/clean_30s_ja/window_0028.wav,clean_30s_ja.wav,clean,accept,1,28.000,29.000,0.011550,9.683
recordings/windows/1s/clean_30s_ja/window_0029.wav,clean_30s_ja.wav,clean,accept,1,29.000,30.000,0.606667,9.555
recordings/windows/1s/clean_30s_ja/window_0030.wav,clean_30s_ja.wav,clean,accept,1,30.000,31.000,0.479772,9.555
recordings/windows/1s/clean_30s_ja/window_0031.wav,clean_30s_ja.wav,clean,accept,1,31.000,32.000,0.300237,9.612
recordings/windows/1p5s/clean_30s_ja/window_0000.wav,clean_30s_ja.wav,clean,accept,1.5,0.000,1.500,0.390567,10.738
recordings/windows/1p5s/clean_30s_ja/window_0001.wav,clean_30s_ja.wav,clean,accept,1.5,1.500,3.000,0.644853,10.867
recordings/windows/1p5s/clean_30s_ja/window_0002.wav,clean_30s_ja.wav,clean,accept,1.5,3.000,4.500,0.609141,10.806
recordings/windows/1p5s/clean_30s_ja/window_0003.wav,clean_30s_ja.wav,clean,accept,1.5,4.500,6.000,0.642672,10.904
recordings/windows/1p5s/clean_30s_ja/window_0004.wav,clean_30s_ja.wav,clean,accept,1.5,6.000,7.500,0.566096,11.149
recordings/windows/1p5s/clean_30s_ja/window_0005.wav,clean_30s_ja.wav,clean,accept,1.5,7.500,9.000,0.565814,10.879
recordings/windows/1p5s/clean_30s_ja/window_0006.wav,clean_30s_ja.wav,clean,accept,1.5,9.000,10.500,0.677002,10.897
recordings/windows/1p5s/clean_30s_ja/window_0007.wav,clean_30s_ja.wav,clean,accept,1.5,10.500,12.000,0.487222,10.848
recordings/windows/1p5s/clean_30s_ja/window_0008.wav,clean_30s_ja.wav,clean,accept,1.5,12.000,13.500,0.499218,10.879
recordings/windows/1p5s/clean_30s_ja/window_0009.wav,clean_30s_ja.wav,clean,accept,1.5,13.500,15.000,0.646757,10.674
recordings/windows/1p5s/clean_30s_ja/window_0010.wav,clean_30s_ja.wav,clean,accept,1.5,15.000,16.500,0.597183,10.696
recordings/windows/1p5s/clean_30s_ja/window_0011.wav,clean_30s_ja.wav,clean,accept,1.5,16.500,18.000,0.616635,10.845
recordings/windows/1p5s/clean_30s_ja/window_0012.wav,clean_30s_ja.wav,clean,accept,1.5,18.000,19.500,0.439309,10.637
recordings/windows/1p5s/clean_30s_ja/window_0013.wav,clean_30s_ja.wav,clean,accept,1.5,19.500,21.000,0.534401,10.688
recordings/windows/1p5s/clean_30s_ja/window_0014.wav,clean_30s_ja.wav,clean,accept,1.5,21.000,22.500,0.614957,10.652
recordings/windows/1p5s/clean_30s_ja/window_0015.wav,clean_30s_ja.wav,clean,accept,1.5,22.500,24.000,0.661929,10.655
recordings/windows/1p5s/clean_30s_ja/window_0016.wav,clean_30s_ja.wav,clean,accept,1.5,24.000,25.500,0.584558,10.607
recordings/windows/1p5s/clean_30s_ja/window_0017.wav,clean_30s_ja.wav,clean,accept,1.5,25.500,27.000,0.489025,10.631
recordings/windows/1p5s/clean_30s_ja/window_0018.wav,clean_30s_ja.wav,clean,accept,1.5,27.000,28.500,0.601130,10.640
recordings/windows/1p5s/clean_30s_ja/window_0019.wav,clean_30s_ja.wav,clean,accept,1.5,28.500,30.000,0.609052,10.616
recordings/windows/1p5s/clean_30s_ja/window_0020.wav,clean_30s_ja.wav,clean,accept,1.5,30.000,31.500,0.518475,10.595
recordings/windows/2s/clean_30s_ja/window_0000.wav,clean_30s_ja.wav,clean,accept,2,0.000,2.000,0.561399,12.668
recordings/windows/2s/clean_30s_ja/window_0001.wav,clean_30s_ja.wav,clean,accept,2,2.000,4.000,0.690543,12.585
recordings/windows/2s/clean_30s_ja/window_0002.wav,clean_30s_ja.wav,clean,accept,2,4.000,6.000,0.683986,12.582
recordings/windows/2s/clean_30s_ja/window_0003.wav,clean_30s_ja.wav,clean,accept,2,6.000,8.000,0.599271,12.628
recordings/windows/2s/clean_30s_ja/window_0004.wav,clean_30s_ja.wav,clean,accept,2,8.000,10.000,0.649649,12.599
recordings/windows/2s/clean_30s_ja/window_0005.wav,clean_30s_ja.wav,clean,accept,2,10.000,12.000,0.627591,12.587
recordings/windows/2s/clean_30s_ja/window_0006.wav,clean_30s_ja.wav,clean,accept,2,12.000,14.000,0.586979,12.555
recordings/windows/2s/clean_30s_ja/window_0007.wav,clean_30s_ja.wav,clean,accept,2,14.000,16.000,0.706580,12.539
recordings/windows/2s/clean_30s_ja/window_0008.wav,clean_30s_ja.wav,clean,accept,2,16.000,18.000,0.640486,12.676
recordings/windows/2s/clean_30s_ja/window_0009.wav,clean_30s_ja.wav,clean,accept,2,18.000,20.000,0.415843,14.355
recordings/windows/2s/clean_30s_ja/window_0010.wav,clean_30s_ja.wav,clean,accept,2,20.000,22.000,0.647103,12.555
recordings/windows/2s/clean_30s_ja/window_0011.wav,clean_30s_ja.wav,clean,accept,2,22.000,24.000,0.656311,12.538
recordings/windows/2s/clean_30s_ja/window_0012.wav,clean_30s_ja.wav,clean,accept,2,24.000,26.000,0.618007,12.608
recordings/windows/2s/clean_30s_ja/window_0013.wav,clean_30s_ja.wav,clean,accept,2,26.000,28.000,0.613066,12.557
recordings/windows/2s/clean_30s_ja/window_0014.wav,clean_30s_ja.wav,clean,accept,2,28.000,30.000,0.629823,12.572
recordings/windows/2s/clean_30s_ja/window_0015.wav,clean_30s_ja.wav,clean,accept,2,30.000,32.000,0.570515,12.587
recordings/windows/1s/clean_60s_en/window_0000.wav,clean_60s_en.wav,clean,accept,1,0.000,1.000,0.413193,9.447
recordings/windows/1s/clean_60s_en/window_0001.wav,clean_60s_en.wav,clean,accept,1,1.000,2.000,0.495388,9.324
recordings/windows/1s/clean_60s_en/window_0002.wav,clean_60s_en.wav,clean,accept,1,2.000,3.000,0.469480,9.261
recordings/windows/1s/clean_60s_en/window_0003.wav,clean_60s_en.wav,clean,accept,1,3.000,4.000,0.327375,9.258
recordings/windows/1s/clean_60s_en/window_0004.wav,clean_60s_en.wav,clean,accept,1,4.000,5.000,0.413266,9.240
recordings/windows/1s/clean_60s_en/window_0005.wav,clean_60s_en.wav,clean,accept,1,5.000,6.000,0.356904,9.228
recordings/windows/1s/clean_60s_en/window_0006.wav,clean_60s_en.wav,clean,accept,1,6.000,7.000,0.431318,9.239
recordings/windows/1s/clean_60s_en/window_0007.wav,clean_60s_en.wav,clean,accept,1,7.000,8.000,0.525794,9.253
recordings/windows/1s/clean_60s_en/window_0008.wav,clean_60s_en.wav,clean,accept,1,8.000,9.000,0.258567,9.240
recordings/windows/1s/clean_60s_en/window_0009.wav,clean_60s_en.wav,clean,accept,1,9.000,10.000,-0.023903,9.245
recordings/windows/1s/clean_60s_en/window_0010.wav,clean_60s_en.wav,clean,accept,1,10.000,11.000,0.147340,9.260
recordings/windows/1s/clean_60s_en/window_0011.wav,clean_60s_en.wav,clean,accept,1,11.000,12.000,0.371949,9.303
recordings/windows/1s/clean_60s_en/window_0012.wav,clean_60s_en.wav,clean,accept,1,12.000,13.000,0.329173,9.258
recordings/windows/1s/clean_60s_en/window_0013.wav,clean_60s_en.wav,clean,accept,1,13.000,14.000,0.316420,9.239
recordings/windows/1s/clean_60s_en/window_0014.wav,clean_60s_en.wav,clean,accept,1,14.000,15.000,0.436144,9.259
recordings/windows/1s/clean_60s_en/window_0015.wav,clean_60s_en.wav,clean,accept,1,15.000,16.000,0.581978,9.286
recordings/windows/1s/clean_60s_en/window_0016.wav,clean_60s_en.wav,clean,accept,1,16.000,17.000,0.547506,9.237
recordings/windows/1s/clean_60s_en/window_0017.wav,clean_60s_en.wav,clean,accept,1,17.000,18.000,0.321566,9.254
recordings/windows/1s/clean_60s_en/window_0018.wav,clean_60s_en.wav,clean,accept,1,18.000,19.000,0.631399,9.276
recordings/windows/1s/clean_60s_en/window_0019.wav,clean_60s_en.wav,clean,accept,1,19.000,20.000,0.479107,9.252
recordings/windows/1s/clean_60s_en/window_0020.wav,clean_60s_en.wav,clean,accept,1,20.000,21.000,0.493017,9.255
recordings/windows/1s/clean_60s_en/window_0021.wav,clean_60s_en.wav,clean,accept,1,21.000,22.000,0.479975,9.212
recordings/windows/1s/clean_60s_en/window_0022.wav,clean_60s_en.wav,clean,accept,1,22.000,23.000,0.581203,9.234
recordings/windows/1s/clean_60s_en/window_0023.wav,clean_60s_en.wav,clean,accept,1,23.000,24.000,0.446937,9.244
recordings/windows/1s/clean_60s_en/window_0024.wav,clean_60s_en.wav,clean,accept,1,24.000,25.000,0.354480,9.339
recordings/windows/1s/clean_60s_en/window_0025.wav,clean_60s_en.wav,clean,accept,1,25.000,26.000,0.429174,9.279
recordings/windows/1s/clean_60s_en/window_0026.wav,clean_60s_en.wav,clean,accept,1,26.000,27.000,0.482545,9.357
recordings/windows/1s/clean_60s_en/window_0027.wav,clean_60s_en.wav,clean,accept,1,27.000,28.000,0.275390,9.960
recordings/windows/1s/clean_60s_en/window_0028.wav,clean_60s_en.wav,clean,accept,1,28.000,29.000,0.491249,9.323
recordings/windows/1s/clean_60s_en/window_0029.wav,clean_60s_en.wav,clean,accept,1,29.000,30.000,0.473976,9.406
recordings/windows/1s/clean_60s_en/window_0030.wav,clean_60s_en.wav,clean,accept,1,30.000,31.000,0.477673,9.350
recordings/windows/1s/clean_60s_en/window_0031.wav,clean_60s_en.wav,clean,accept,1,31.000,32.000,0.424536,9.291
recordings/windows/1s/clean_60s_en/window_0032.wav,clean_60s_en.wav,clean,accept,1,32.000,33.000,0.329624,9.297
recordings/windows/1s/clean_60s_en/window_0033.wav,clean_60s_en.wav,clean,accept,1,33.000,34.000,0.469387,9.304
recordings/windows/1s/clean_60s_en/window_0034.wav,clean_60s_en.wav,clean,accept,1,34.000,35.000,0.373780,9.292
recordings/windows/1s/clean_60s_en/window_0035.wav,clean_60s_en.wav,clean,accept,1,35.000,36.000,0.500806,9.333
recordings/windows/1s/clean_60s_en/window_0036.wav,clean_60s_en.wav,clean,accept,1,36.000,37.000,0.493006,9.249
recordings/windows/1s/clean_60s_en/window_0037.wav,clean_60s_en.wav,clean,accept,1,37.000,38.000,0.484437,9.397
recordings/windows/1s/clean_60s_en/window_0038.wav,clean_60s_en.wav,clean,accept,1,38.000,39.000,0.515251,9.286
recordings/windows/1s/clean_60s_en/window_0039.wav,clean_60s_en.wav,clean,accept,1,39.000,40.000,0.468498,9.274
recordings/windows/1s/clean_60s_en/window_0040.wav,clean_60s_en.wav,clean,accept,1,40.000,41.000,0.423705,9.251
recordings/windows/1s/clean_60s_en/window_0041.wav,clean_60s_en.wav,clean,accept,1,41.000,42.000,0.268568,9.298
recordings/windows/1s/clean_60s_en/window_0042.wav,clean_60s_en.wav,clean,accept,1,42.000,43.000,0.477360,9.279
recordings/windows/1s/clean_60s_en/window_0043.wav,clean_60s_en.wav,clean,accept,1,43.000,44.000,0.468756,9.278
recordings/windows/1s/clean_60s_en/window_0044.wav,clean_60s_en.wav,clean,accept,1,44.000,45.000,0.488250,9.202
recordings/windows/1s/clean_60s_en/window_0045.wav,clean_60s_en.wav,clean,accept,1,45.000,46.000,0.467784,9.275
recordings/windows/1s/clean_60s_en/window_0046.wav,clean_60s_en.wav,clean,accept,1,46.000,47.000,0.533245,9.281
recordings/windows/1s/clean_60s_en/window_0047.wav,clean_60s_en.wav,clean,accept,1,47.000,48.000,0.366280,9.241
recordings/windows/1s/clean_60s_en/window_0048.wav,clean_60s_en.wav,clean,accept,1,48.000,49.000,0.326440,9.244
recordings/windows/1s/clean_60s_en/window_0049.wav,clean_60s_en.wav,clean,accept,1,49.000,50.000,0.003659,9.273
recordings/windows/1s/clean_60s_en/window_0050.wav,clean_60s_en.wav,clean,accept,1,50.000,51.000,0.386307,9.381
recordings/windows/1s/clean_60s_en/window_0051.wav,clean_60s_en.wav,clean,accept,1,51.000,52.000,0.568061,9.256
recordings/windows/1s/clean_60s_en/window_0052.wav,clean_60s_en.wav,clean,accept,1,52.000,53.000,0.010177,9.379
recordings/windows/1s/clean_60s_en/window_0053.wav,clean_60s_en.wav,clean,accept,1,53.000,54.000,0.479227,9.276
recordings/windows/1s/clean_60s_en/window_0054.wav,clean_60s_en.wav,clean,accept,1,54.000,55.000,0.564892,9.237
recordings/windows/1s/clean_60s_en/window_0055.wav,clean_60s_en.wav,clean,accept,1,55.000,56.000,0.534370,9.226
recordings/windows/1s/clean_60s_en/window_0056.wav,clean_60s_en.wav,clean,accept,1,56.000,57.000,0.363228,9.528
recordings/windows/1s/clean_60s_en/window_0057.wav,clean_60s_en.wav,clean,accept,1,57.000,58.000,0.441519,9.660
recordings/windows/1s/clean_60s_en/window_0058.wav,clean_60s_en.wav,clean,accept,1,58.000,59.000,0.054032,9.449
recordings/windows/1s/clean_60s_en/window_0059.wav,clean_60s_en.wav,clean,accept,1,59.000,60.000,0.320390,9.318
recordings/windows/1s/clean_60s_en/window_0060.wav,clean_60s_en.wav,clean,accept,1,60.000,61.000,-0.059277,9.270
recordings/windows/1s/clean_60s_en/window_0061.wav,clean_60s_en.wav,clean,accept,1,61.000,62.000,0.469967,9.298
recordings/windows/1p5s/clean_60s_en/window_0000.wav,clean_60s_en.wav,clean,accept,1.5,0.000,1.500,0.546231,10.828
recordings/windows/1p5s/clean_60s_en/window_0001.wav,clean_60s_en.wav,clean,accept,1.5,1.500,3.000,0.521595,10.715
recordings/windows/1p5s/clean_60s_en/window_0002.wav,clean_60s_en.wav,clean,accept,1.5,3.000,4.500,0.371440,10.801
recordings/windows/1p5s/clean_60s_en/window_0003.wav,clean_60s_en.wav,clean,accept,1.5,4.500,6.000,0.458022,10.658
recordings/windows/1p5s/clean_60s_en/window_0004.wav,clean_60s_en.wav,clean,accept,1.5,6.000,7.500,0.588294,10.635
recordings/windows/1p5s/clean_60s_en/window_0005.wav,clean_60s_en.wav,clean,accept,1.5,7.500,9.000,0.280490,10.621
recordings/windows/1p5s/clean_60s_en/window_0006.wav,clean_60s_en.wav,clean,accept,1.5,9.000,10.500,0.150183,10.692
recordings/windows/1p5s/clean_60s_en/window_0007.wav,clean_60s_en.wav,clean,accept,1.5,10.500,12.000,0.450969,10.623
recordings/windows/1p5s/clean_60s_en/window_0008.wav,clean_60s_en.wav,clean,accept,1.5,12.000,13.500,0.406499,10.622
recordings/windows/1p5s/clean_60s_en/window_0009.wav,clean_60s_en.wav,clean,accept,1.5,13.500,15.000,0.491948,10.599
recordings/windows/1p5s/clean_60s_en/window_0010.wav,clean_60s_en.wav,clean,accept,1.5,15.000,16.500,0.685795,10.726
recordings/windows/1p5s/clean_60s_en/window_0011.wav,clean_60s_en.wav,clean,accept,1.5,16.500,18.000,0.364387,10.653
recordings/windows/1p5s/clean_60s_en/window_0012.wav,clean_60s_en.wav,clean,accept,1.5,18.000,19.500,0.657432,10.596
recordings/windows/1p5s/clean_60s_en/window_0013.wav,clean_60s_en.wav,clean,accept,1.5,19.500,21.000,0.517944,10.769
recordings/windows/1p5s/clean_60s_en/window_0014.wav,clean_60s_en.wav,clean,accept,1.5,21.000,22.500,0.602039,10.591
recordings/windows/1p5s/clean_60s_en/window_0015.wav,clean_60s_en.wav,clean,accept,1.5,22.500,24.000,0.606375,10.597
recordings/windows/1p5s/clean_60s_en/window_0016.wav,clean_60s_en.wav,clean,accept,1.5,24.000,25.500,0.361703,10.752
recordings/windows/1p5s/clean_60s_en/window_0017.wav,clean_60s_en.wav,clean,accept,1.5,25.500,27.000,0.521303,10.656
recordings/windows/1p5s/clean_60s_en/window_0018.wav,clean_60s_en.wav,clean,accept,1.5,27.000,28.500,0.519326,10.659
recordings/windows/1p5s/clean_60s_en/window_0019.wav,clean_60s_en.wav,clean,accept,1.5,28.500,30.000,0.568374,10.998
recordings/windows/1p5s/clean_60s_en/window_0020.wav,clean_60s_en.wav,clean,accept,1.5,30.000,31.500,0.491670,10.674
recordings/windows/1p5s/clean_60s_en/window_0021.wav,clean_60s_en.wav,clean,accept,1.5,31.500,33.000,0.446969,10.590
recordings/windows/1p5s/clean_60s_en/window_0022.wav,clean_60s_en.wav,clean,accept,1.5,33.000,34.500,0.541234,10.630
recordings/windows/1p5s/clean_60s_en/window_0023.wav,clean_60s_en.wav,clean,accept,1.5,34.500,36.000,0.628641,10.646
recordings/windows/1p5s/clean_60s_en/window_0024.wav,clean_60s_en.wav,clean,accept,1.5,36.000,37.500,0.556490,10.619
recordings/windows/1p5s/clean_60s_en/window_0025.wav,clean_60s_en.wav,clean,accept,1.5,37.500,39.000,0.560059,10.596
recordings/windows/1p5s/clean_60s_en/window_0026.wav,clean_60s_en.wav,clean,accept,1.5,39.000,40.500,0.484759,10.681
recordings/windows/1p5s/clean_60s_en/window_0027.wav,clean_60s_en.wav,clean,accept,1.5,40.500,42.000,0.240579,10.749
recordings/windows/1p5s/clean_60s_en/window_0028.wav,clean_60s_en.wav,clean,accept,1.5,42.000,43.500,0.562872,10.652
recordings/windows/1p5s/clean_60s_en/window_0029.wav,clean_60s_en.wav,clean,accept,1.5,43.500,45.000,0.699759,10.610
recordings/windows/1p5s/clean_60s_en/window_0030.wav,clean_60s_en.wav,clean,accept,1.5,45.000,46.500,0.565801,10.627
recordings/windows/1p5s/clean_60s_en/window_0031.wav,clean_60s_en.wav,clean,accept,1.5,46.500,48.000,0.589998,10.592
recordings/windows/1p5s/clean_60s_en/window_0032.wav,clean_60s_en.wav,clean,accept,1.5,48.000,49.500,0.427452,10.632
recordings/windows/1p5s/clean_60s_en/window_0033.wav,clean_60s_en.wav,clean,accept,1.5,49.500,51.000,0.483420,10.625
recordings/windows/1p5s/clean_60s_en/window_0034.wav,clean_60s_en.wav,clean,accept,1.5,51.000,52.500,0.609300,10.667
recordings/windows/1p5s/clean_60s_en/window_0035.wav,clean_60s_en.wav,clean,accept,1.5,52.500,54.000,0.501880,10.620
recordings/windows/1p5s/clean_60s_en/window_0036.wav,clean_60s_en.wav,clean,accept,1.5,54.000,55.500,0.593937,10.607
recordings/windows/1p5s/clean_60s_en/window_0037.wav,clean_60s_en.wav,clean,accept,1.5,55.500,57.000,0.510163,10.594
recordings/windows/1p5s/clean_60s_en/window_0038.wav,clean_60s_en.wav,clean,accept,1.5,57.000,58.500,0.424918,10.754
recordings/windows/1p5s/clean_60s_en/window_0039.wav,clean_60s_en.wav,clean,accept,1.5,58.500,60.000,0.278332,10.615
recordings/windows/1p5s/clean_60s_en/window_0040.wav,clean_60s_en.wav,clean,accept,1.5,60.000,61.500,0.348333,10.632
recordings/windows/2s/clean_60s_en/window_0000.wav,clean_60s_en.wav,clean,accept,2,0.000,2.000,0.573397,12.704
recordings/windows/2s/clean_60s_en/window_0001.wav,clean_60s_en.wav,clean,accept,2,2.000,4.000,0.562126,12.521
recordings/windows/2s/clean_60s_en/window_0002.wav,clean_60s_en.wav,clean,accept,2,4.000,6.000,0.519187,12.571
recordings/windows/2s/clean_60s_en/window_0003.wav,clean_60s_en.wav,clean,accept,2,6.000,8.000,0.613819,12.540
recordings/windows/2s/clean_60s_en/window_0004.wav,clean_60s_en.wav,clean,accept,2,8.000,10.000,0.297598,12.614
recordings/windows/2s/clean_60s_en/window_0005.wav,clean_60s_en.wav,clean,accept,2,10.000,12.000,0.478452,12.629
recordings/windows/2s/clean_60s_en/window_0006.wav,clean_60s_en.wav,clean,accept,2,12.000,14.000,0.491316,12.579
recordings/windows/2s/clean_60s_en/window_0007.wav,clean_60s_en.wav,clean,accept,2,14.000,16.000,0.612463,12.591
recordings/windows/2s/clean_60s_en/window_0008.wav,clean_60s_en.wav,clean,accept,2,16.000,18.000,0.533796,12.550
recordings/windows/2s/clean_60s_en/window_0009.wav,clean_60s_en.wav,clean,accept,2,18.000,20.000,0.669543,12.611
recordings/windows/2s/clean_60s_en/window_0010.wav,clean_60s_en.wav,clean,accept,2,20.000,22.000,0.572770,12.550
recordings/windows/2s/clean_60s_en/window_0011.wav,clean_60s_en.wav,clean,accept,2,22.000,24.000,0.624071,12.644
recordings/windows/2s/clean_60s_en/window_0012.wav,clean_60s_en.wav,clean,accept,2,24.000,26.000,0.470855,12.606
recordings/windows/2s/clean_60s_en/window_0013.wav,clean_60s_en.wav,clean,accept,2,26.000,28.000,0.537045,12.658
recordings/windows/2s/clean_60s_en/window_0014.wav,clean_60s_en.wav,clean,accept,2,28.000,30.000,0.632829,12.586
recordings/windows/2s/clean_60s_en/window_0015.wav,clean_60s_en.wav,clean,accept,2,30.000,32.000,0.513834,12.533
recordings/windows/2s/clean_60s_en/window_0016.wav,clean_60s_en.wav,clean,accept,2,32.000,34.000,0.518187,12.721
recordings/windows/2s/clean_60s_en/window_0017.wav,clean_60s_en.wav,clean,accept,2,34.000,36.000,0.641819,12.682
recordings/windows/2s/clean_60s_en/window_0018.wav,clean_60s_en.wav,clean,accept,2,36.000,38.000,0.565924,12.644
recordings/windows/2s/clean_60s_en/window_0019.wav,clean_60s_en.wav,clean,accept,2,38.000,40.000,0.542070,12.588
recordings/windows/2s/clean_60s_en/window_0020.wav,clean_60s_en.wav,clean,accept,2,40.000,42.000,0.449467,12.584
recordings/windows/2s/clean_60s_en/window_0021.wav,clean_60s_en.wav,clean,accept,2,42.000,44.000,0.609707,12.642
recordings/windows/2s/clean_60s_en/window_0022.wav,clean_60s_en.wav,clean,accept,2,44.000,46.000,0.638759,12.618
recordings/windows/2s/clean_60s_en/window_0023.wav,clean_60s_en.wav,clean,accept,2,46.000,48.000,0.643546,12.606
recordings/windows/2s/clean_60s_en/window_0024.wav,clean_60s_en.wav,clean,accept,2,48.000,50.000,0.438011,12.550
recordings/windows/2s/clean_60s_en/window_0025.wav,clean_60s_en.wav,clean,accept,2,50.000,52.000,0.622497,12.566
recordings/windows/2s/clean_60s_en/window_0026.wav,clean_60s_en.wav,clean,accept,2,52.000,54.000,0.552372,12.591
recordings/windows/2s/clean_60s_en/window_0027.wav,clean_60s_en.wav,clean,accept,2,54.000,56.000,0.690361,12.560
recordings/windows/2s/clean_60s_en/window_0028.wav,clean_60s_en.wav,clean,accept,2,56.000,58.000,0.486007,12.580
recordings/windows/2s/clean_60s_en/window_0029.wav,clean_60s_en.wav,clean,accept,2,58.000,60.000,0.223836,12.584
recordings/windows/2s/clean_60s_en/window_0030.wav,clean_60s_en.wav,clean,accept,2,60.000,62.000,0.458806,12.562
recordings/windows/1s/clean_60s_ja/window_0000.wav,clean_60s_ja.wav,clean,accept,1,0.000,1.000,0.235107,9.334
recordings/windows/1s/clean_60s_ja/window_0001.wav,clean_60s_ja.wav,clean,accept,1,1.000,2.000,0.454419,9.339
recordings/windows/1s/clean_60s_ja/window_0002.wav,clean_60s_ja.wav,clean,accept,1,2.000,3.000,0.602099,9.328
recordings/windows/1s/clean_60s_ja/window_0003.wav,clean_60s_ja.wav,clean,accept,1,3.000,4.000,0.493584,9.208
recordings/windows/1s/clean_60s_ja/window_0004.wav,clean_60s_ja.wav,clean,accept,1,4.000,5.000,0.537473,9.235
recordings/windows/1s/clean_60s_ja/window_0005.wav,clean_60s_ja.wav,clean,accept,1,5.000,6.000,0.563419,9.265
recordings/windows/1s/clean_60s_ja/window_0006.wav,clean_60s_ja.wav,clean,accept,1,6.000,7.000,0.531933,9.251
recordings/windows/1s/clean_60s_ja/window_0007.wav,clean_60s_ja.wav,clean,accept,1,7.000,8.000,0.483954,9.213
recordings/windows/1s/clean_60s_ja/window_0008.wav,clean_60s_ja.wav,clean,accept,1,8.000,9.000,0.547529,9.312
recordings/windows/1s/clean_60s_ja/window_0009.wav,clean_60s_ja.wav,clean,accept,1,9.000,10.000,0.524357,9.262
recordings/windows/1s/clean_60s_ja/window_0010.wav,clean_60s_ja.wav,clean,accept,1,10.000,11.000,0.466510,9.270
recordings/windows/1s/clean_60s_ja/window_0011.wav,clean_60s_ja.wav,clean,accept,1,11.000,12.000,0.514058,9.256
recordings/windows/1s/clean_60s_ja/window_0012.wav,clean_60s_ja.wav,clean,accept,1,12.000,13.000,0.612270,9.259
recordings/windows/1s/clean_60s_ja/window_0013.wav,clean_60s_ja.wav,clean,accept,1,13.000,14.000,0.382008,9.235
recordings/windows/1s/clean_60s_ja/window_0014.wav,clean_60s_ja.wav,clean,accept,1,14.000,15.000,0.510167,9.253
recordings/windows/1s/clean_60s_ja/window_0015.wav,clean_60s_ja.wav,clean,accept,1,15.000,16.000,0.511135,9.193
recordings/windows/1s/clean_60s_ja/window_0016.wav,clean_60s_ja.wav,clean,accept,1,16.000,17.000,0.465345,9.239
recordings/windows/1s/clean_60s_ja/window_0017.wav,clean_60s_ja.wav,clean,accept,1,17.000,18.000,0.422792,9.275
recordings/windows/1s/clean_60s_ja/window_0018.wav,clean_60s_ja.wav,clean,accept,1,18.000,19.000,0.465823,9.260
recordings/windows/1s/clean_60s_ja/window_0019.wav,clean_60s_ja.wav,clean,accept,1,19.000,20.000,0.542180,9.268
recordings/windows/1s/clean_60s_ja/window_0020.wav,clean_60s_ja.wav,clean,accept,1,20.000,21.000,0.545527,9.291
recordings/windows/1s/clean_60s_ja/window_0021.wav,clean_60s_ja.wav,clean,accept,1,21.000,22.000,0.461926,9.227
recordings/windows/1s/clean_60s_ja/window_0022.wav,clean_60s_ja.wav,clean,accept,1,22.000,23.000,0.483434,9.478
recordings/windows/1s/clean_60s_ja/window_0023.wav,clean_60s_ja.wav,clean,accept,1,23.000,24.000,0.522995,9.548
recordings/windows/1s/clean_60s_ja/window_0024.wav,clean_60s_ja.wav,clean,accept,1,24.000,25.000,-0.005103,9.470
recordings/windows/1s/clean_60s_ja/window_0025.wav,clean_60s_ja.wav,clean,accept,1,25.000,26.000,0.357697,9.318
recordings/windows/1s/clean_60s_ja/window_0026.wav,clean_60s_ja.wav,clean,accept,1,26.000,27.000,0.248065,9.563
recordings/windows/1s/clean_60s_ja/window_0027.wav,clean_60s_ja.wav,clean,accept,1,27.000,28.000,0.479652,9.379
recordings/windows/1s/clean_60s_ja/window_0028.wav,clean_60s_ja.wav,clean,accept,1,28.000,29.000,0.564151,9.282
recordings/windows/1s/clean_60s_ja/window_0029.wav,clean_60s_ja.wav,clean,accept,1,29.000,30.000,0.380030,9.287
recordings/windows/1s/clean_60s_ja/window_0030.wav,clean_60s_ja.wav,clean,accept,1,30.000,31.000,0.469945,9.298
recordings/windows/1s/clean_60s_ja/window_0031.wav,clean_60s_ja.wav,clean,accept,1,31.000,32.000,0.377886,9.366
recordings/windows/1s/clean_60s_ja/window_0032.wav,clean_60s_ja.wav,clean,accept,1,32.000,33.000,0.112179,9.289
recordings/windows/1s/clean_60s_ja/window_0033.wav,clean_60s_ja.wav,clean,accept,1,33.000,34.000,0.564030,9.403
recordings/windows/1s/clean_60s_ja/window_0034.wav,clean_60s_ja.wav,clean,accept,1,34.000,35.000,0.366261,9.295
recordings/windows/1s/clean_60s_ja/window_0035.wav,clean_60s_ja.wav,clean,accept,1,35.000,36.000,0.530507,9.241
recordings/windows/1s/clean_60s_ja/window_0036.wav,clean_60s_ja.wav,clean,accept,1,36.000,37.000,0.397129,9.241
recordings/windows/1s/clean_60s_ja/window_0037.wav,clean_60s_ja.wav,clean,accept,1,37.000,38.000,0.450035,9.280
recordings/windows/1s/clean_60s_ja/window_0038.wav,clean_60s_ja.wav,clean,accept,1,38.000,39.000,0.523167,9.236
recordings/windows/1s/clean_60s_ja/window_0039.wav,clean_60s_ja.wav,clean,accept,1,39.000,40.000,0.605992,9.255
recordings/windows/1s/clean_60s_ja/window_0040.wav,clean_60s_ja.wav,clean,accept,1,40.000,41.000,0.583413,9.236
recordings/windows/1s/clean_60s_ja/window_0041.wav,clean_60s_ja.wav,clean,accept,1,41.000,42.000,0.347141,9.298
recordings/windows/1s/clean_60s_ja/window_0042.wav,clean_60s_ja.wav,clean,accept,1,42.000,43.000,0.376484,9.238
recordings/windows/1s/clean_60s_ja/window_0043.wav,clean_60s_ja.wav,clean,accept,1,43.000,44.000,0.353563,9.287
recordings/windows/1s/clean_60s_ja/window_0044.wav,clean_60s_ja.wav,clean,accept,1,44.000,45.000,0.384395,10.749
recordings/windows/1s/clean_60s_ja/window_0045.wav,clean_60s_ja.wav,clean,accept,1,45.000,46.000,0.409812,9.270
recordings/windows/1s/clean_60s_ja/window_0046.wav,clean_60s_ja.wav,clean,accept,1,46.000,47.000,0.504527,9.252
recordings/windows/1s/clean_60s_ja/window_0047.wav,clean_60s_ja.wav,clean,accept,1,47.000,48.000,0.423621,9.240
recordings/windows/1s/clean_60s_ja/window_0048.wav,clean_60s_ja.wav,clean,accept,1,48.000,49.000,0.553374,9.291
recordings/windows/1s/clean_60s_ja/window_0049.wav,clean_60s_ja.wav,clean,accept,1,49.000,50.000,0.394051,9.251
recordings/windows/1s/clean_60s_ja/window_0050.wav,clean_60s_ja.wav,clean,accept,1,50.000,51.000,0.343189,9.281
recordings/windows/1s/clean_60s_ja/window_0051.wav,clean_60s_ja.wav,clean,accept,1,51.000,52.000,0.543704,9.219
recordings/windows/1s/clean_60s_ja/window_0052.wav,clean_60s_ja.wav,clean,accept,1,52.000,53.000,0.452005,9.264
recordings/windows/1s/clean_60s_ja/window_0053.wav,clean_60s_ja.wav,clean,accept,1,53.000,54.000,0.507570,9.248
recordings/windows/1s/clean_60s_ja/window_0054.wav,clean_60s_ja.wav,clean,accept,1,54.000,55.000,0.461291,9.308
recordings/windows/1s/clean_60s_ja/window_0055.wav,clean_60s_ja.wav,clean,accept,1,55.000,56.000,0.489201,9.270
recordings/windows/1s/clean_60s_ja/window_0056.wav,clean_60s_ja.wav,clean,accept,1,56.000,57.000,0.358937,9.240
recordings/windows/1s/clean_60s_ja/window_0057.wav,clean_60s_ja.wav,clean,accept,1,57.000,58.000,0.529054,9.261
recordings/windows/1s/clean_60s_ja/window_0058.wav,clean_60s_ja.wav,clean,accept,1,58.000,59.000,0.481079,9.235
recordings/windows/1s/clean_60s_ja/window_0059.wav,clean_60s_ja.wav,clean,accept,1,59.000,60.000,0.580457,9.248
recordings/windows/1s/clean_60s_ja/window_0060.wav,clean_60s_ja.wav,clean,accept,1,60.000,61.000,0.529786,9.255
recordings/windows/1p5s/clean_60s_ja/window_0000.wav,clean_60s_ja.wav,clean,accept,1.5,0.000,1.500,0.494457,10.880
recordings/windows/1p5s/clean_60s_ja/window_0001.wav,clean_60s_ja.wav,clean,accept,1.5,1.500,3.000,0.634210,10.651
recordings/windows/1p5s/clean_60s_ja/window_0002.wav,clean_60s_ja.wav,clean,accept,1.5,3.000,4.500,0.604601,10.627
recordings/windows/1p5s/clean_60s_ja/window_0003.wav,clean_60s_ja.wav,clean,accept,1.5,4.500,6.000,0.600017,10.623
recordings/windows/1p5s/clean_60s_ja/window_0004.wav,clean_60s_ja.wav,clean,accept,1.5,6.000,7.500,0.551436,10.631
recordings/windows/1p5s/clean_60s_ja/window_0005.wav,clean_60s_ja.wav,clean,accept,1.5,7.500,9.000,0.595211,10.584
recordings/windows/1p5s/clean_60s_ja/window_0006.wav,clean_60s_ja.wav,clean,accept,1.5,9.000,10.500,0.623059,10.579
recordings/windows/1p5s/clean_60s_ja/window_0007.wav,clean_60s_ja.wav,clean,accept,1.5,10.500,12.000,0.581606,10.629
recordings/windows/1p5s/clean_60s_ja/window_0008.wav,clean_60s_ja.wav,clean,accept,1.5,12.000,13.500,0.610034,10.557
recordings/windows/1p5s/clean_60s_ja/window_0009.wav,clean_60s_ja.wav,clean,accept,1.5,13.500,15.000,0.600225,10.578
recordings/windows/1p5s/clean_60s_ja/window_0010.wav,clean_60s_ja.wav,clean,accept,1.5,15.000,16.500,0.572146,10.545
recordings/windows/1p5s/clean_60s_ja/window_0011.wav,clean_60s_ja.wav,clean,accept,1.5,16.500,18.000,0.579639,10.667
recordings/windows/1p5s/clean_60s_ja/window_0012.wav,clean_60s_ja.wav,clean,accept,1.5,18.000,19.500,0.497919,10.570
recordings/windows/1p5s/clean_60s_ja/window_0013.wav,clean_60s_ja.wav,clean,accept,1.5,19.500,21.000,0.596154,10.629
recordings/windows/1p5s/clean_60s_ja/window_0014.wav,clean_60s_ja.wav,clean,accept,1.5,21.000,22.500,0.596037,10.652
recordings/windows/1p5s/clean_60s_ja/window_0015.wav,clean_60s_ja.wav,clean,accept,1.5,22.500,24.000,0.554897,10.670
recordings/windows/1p5s/clean_60s_ja/window_0016.wav,clean_60s_ja.wav,clean,accept,1.5,24.000,25.500,0.311039,10.576
recordings/windows/1p5s/clean_60s_ja/window_0017.wav,clean_60s_ja.wav,clean,accept,1.5,25.500,27.000,0.359855,10.603
recordings/windows/1p5s/clean_60s_ja/window_0018.wav,clean_60s_ja.wav,clean,accept,1.5,27.000,28.500,0.547989,10.765
recordings/windows/1p5s/clean_60s_ja/window_0019.wav,clean_60s_ja.wav,clean,accept,1.5,28.500,30.000,0.447134,12.243
recordings/windows/1p5s/clean_60s_ja/window_0020.wav,clean_60s_ja.wav,clean,accept,1.5,30.000,31.500,0.529491,12.197
recordings/windows/1p5s/clean_60s_ja/window_0021.wav,clean_60s_ja.wav,clean,accept,1.5,31.500,33.000,0.389511,11.133
recordings/windows/1p5s/clean_60s_ja/window_0022.wav,clean_60s_ja.wav,clean,accept,1.5,33.000,34.500,0.599770,10.667
recordings/windows/1p5s/clean_60s_ja/window_0023.wav,clean_60s_ja.wav,clean,accept,1.5,34.500,36.000,0.601720,10.652
recordings/windows/1p5s/clean_60s_ja/window_0024.wav,clean_60s_ja.wav,clean,accept,1.5,36.000,37.500,0.463933,10.634
recordings/windows/1p5s/clean_60s_ja/window_0025.wav,clean_60s_ja.wav,clean,accept,1.5,37.500,39.000,0.658659,10.679
recordings/windows/1p5s/clean_60s_ja/window_0026.wav,clean_60s_ja.wav,clean,accept,1.5,39.000,40.500,0.684026,10.582
recordings/windows/1p5s/clean_60s_ja/window_0027.wav,clean_60s_ja.wav,clean,accept,1.5,40.500,42.000,0.342607,10.616
recordings/windows/1p5s/clean_60s_ja/window_0028.wav,clean_60s_ja.wav,clean,accept,1.5,42.000,43.500,0.406544,10.608
recordings/windows/1p5s/clean_60s_ja/window_0029.wav,clean_60s_ja.wav,clean,accept,1.5,43.500,45.000,0.390297,10.669
recordings/windows/1p5s/clean_60s_ja/window_0030.wav,clean_60s_ja.wav,clean,accept,1.5,45.000,46.500,0.576671,10.588
recordings/windows/1p5s/clean_60s_ja/window_0031.wav,clean_60s_ja.wav,clean,accept,1.5,46.500,48.000,0.546255,10.616
recordings/windows/1p5s/clean_60s_ja/window_0032.wav,clean_60s_ja.wav,clean,accept,1.5,48.000,49.500,0.611956,10.544
recordings/windows/1p5s/clean_60s_ja/window_0033.wav,clean_60s_ja.wav,clean,accept,1.5,49.500,51.000,0.402946,10.624
recordings/windows/1p5s/clean_60s_ja/window_0034.wav,clean_60s_ja.wav,clean,accept,1.5,51.000,52.500,0.650119,10.558
recordings/windows/1p5s/clean_60s_ja/window_0035.wav,clean_60s_ja.wav,clean,accept,1.5,52.500,54.000,0.504611,10.633
recordings/windows/1p5s/clean_60s_ja/window_0036.wav,clean_60s_ja.wav,clean,accept,1.5,54.000,55.500,0.568388,10.639
recordings/windows/1p5s/clean_60s_ja/window_0037.wav,clean_60s_ja.wav,clean,accept,1.5,55.500,57.000,0.434376,10.650
recordings/windows/1p5s/clean_60s_ja/window_0038.wav,clean_60s_ja.wav,clean,accept,1.5,57.000,58.500,0.607849,10.585
recordings/windows/1p5s/clean_60s_ja/window_0039.wav,clean_60s_ja.wav,clean,accept,1.5,58.500,60.000,0.607996,10.593
recordings/windows/1p5s/clean_60s_ja/window_0040.wav,clean_60s_ja.wav,clean,accept,1.5,60.000,61.500,0.577910,10.635
recordings/windows/2s/clean_60s_ja/window_0000.wav,clean_60s_ja.wav,clean,accept,2,0.000,2.000,0.491859,12.591
recordings/windows/2s/clean_60s_ja/window_0001.wav,clean_60s_ja.wav,clean,accept,2,2.000,4.000,0.645213,12.528
recordings/windows/2s/clean_60s_ja/window_0002.wav,clean_60s_ja.wav,clean,accept,2,4.000,6.000,0.636164,12.601
recordings/windows/2s/clean_60s_ja/window_0003.wav,clean_60s_ja.wav,clean,accept,2,6.000,8.000,0.561118,12.634
recordings/windows/2s/clean_60s_ja/window_0004.wav,clean_60s_ja.wav,clean,accept,2,8.000,10.000,0.618559,12.527
recordings/windows/2s/clean_60s_ja/window_0005.wav,clean_60s_ja.wav,clean,accept,2,10.000,12.000,0.637846,12.573
recordings/windows/2s/clean_60s_ja/window_0006.wav,clean_60s_ja.wav,clean,accept,2,12.000,14.000,0.640104,12.594
recordings/windows/2s/clean_60s_ja/window_0007.wav,clean_60s_ja.wav,clean,accept,2,14.000,16.000,0.574804,12.543
recordings/windows/2s/clean_60s_ja/window_0008.wav,clean_60s_ja.wav,clean,accept,2,16.000,18.000,0.614655,12.491
recordings/windows/2s/clean_60s_ja/window_0009.wav,clean_60s_ja.wav,clean,accept,2,18.000,20.000,0.650573,12.497
recordings/windows/2s/clean_60s_ja/window_0010.wav,clean_60s_ja.wav,clean,accept,2,20.000,22.000,0.628645,12.495
recordings/windows/2s/clean_60s_ja/window_0011.wav,clean_60s_ja.wav,clean,accept,2,22.000,24.000,0.589754,14.285
recordings/windows/2s/clean_60s_ja/window_0012.wav,clean_60s_ja.wav,clean,accept,2,24.000,26.000,0.416180,14.404
recordings/windows/2s/clean_60s_ja/window_0013.wav,clean_60s_ja.wav,clean,accept,2,26.000,28.000,0.508740,14.219
recordings/windows/2s/clean_60s_ja/window_0014.wav,clean_60s_ja.wav,clean,accept,2,28.000,30.000,0.626070,12.800
recordings/windows/2s/clean_60s_ja/window_0015.wav,clean_60s_ja.wav,clean,accept,2,30.000,32.000,0.578477,12.623
recordings/windows/2s/clean_60s_ja/window_0016.wav,clean_60s_ja.wav,clean,accept,2,32.000,34.000,0.571901,12.555
recordings/windows/2s/clean_60s_ja/window_0017.wav,clean_60s_ja.wav,clean,accept,2,34.000,36.000,0.657932,12.635
recordings/windows/2s/clean_60s_ja/window_0018.wav,clean_60s_ja.wav,clean,accept,2,36.000,38.000,0.541928,12.612
recordings/windows/2s/clean_60s_ja/window_0019.wav,clean_60s_ja.wav,clean,accept,2,38.000,40.000,0.693218,12.705
recordings/windows/2s/clean_60s_ja/window_0020.wav,clean_60s_ja.wav,clean,accept,2,40.000,42.000,0.620848,13.095
recordings/windows/2s/clean_60s_ja/window_0021.wav,clean_60s_ja.wav,clean,accept,2,42.000,44.000,0.460339,12.905
recordings/windows/2s/clean_60s_ja/window_0022.wav,clean_60s_ja.wav,clean,accept,2,44.000,46.000,0.504057,12.790
recordings/windows/2s/clean_60s_ja/window_0023.wav,clean_60s_ja.wav,clean,accept,2,46.000,48.000,0.654300,12.602
recordings/windows/2s/clean_60s_ja/window_0024.wav,clean_60s_ja.wav,clean,accept,2,48.000,50.000,0.656628,12.639
recordings/windows/2s/clean_60s_ja/window_0025.wav,clean_60s_ja.wav,clean,accept,2,50.000,52.000,0.505483,12.586
recordings/windows/2s/clean_60s_ja/window_0026.wav,clean_60s_ja.wav,clean,accept,2,52.000,54.000,0.512602,12.647
recordings/windows/2s/clean_60s_ja/window_0027.wav,clean_60s_ja.wav,clean,accept,2,54.000,56.000,0.604659,14.878
recordings/windows/2s/clean_60s_ja/window_0028.wav,clean_60s_ja.wav,clean,accept,2,56.000,58.000,0.499968,12.706
recordings/windows/2s/clean_60s_ja/window_0029.wav,clean_60s_ja.wav,clean,accept,2,58.000,60.000,0.603203,12.602
recordings/windows/1s/lazy_mixed_v05/window_0000.wav,lazy_mixed_v05.wav,mixed,accept_when_target_speaking,1,0.000,1.000,0.005042,9.441
recordings/windows/1s/lazy_mixed_v05/window_0001.wav,lazy_mixed_v05.wav,mixed,accept_when_target_speaking,1,1.000,2.000,0.369560,9.283
recordings/windows/1s/lazy_mixed_v05/window_0002.wav,lazy_mixed_v05.wav,mixed,accept_when_target_speaking,1,2.000,3.000,0.435742,9.237
recordings/windows/1s/lazy_mixed_v05/window_0003.wav,lazy_mixed_v05.wav,mixed,accept_when_target_speaking,1,3.000,4.000,0.444981,9.306
recordings/windows/1s/lazy_mixed_v05/window_0004.wav,lazy_mixed_v05.wav,mixed,accept_when_target_speaking,1,4.000,5.000,0.522557,9.206
recordings/windows/1s/lazy_mixed_v05/window_0005.wav,lazy_mixed_v05.wav,mixed,accept_when_target_speaking,1,5.000,6.000,0.242111,9.288
recordings/windows/1s/lazy_mixed_v05/window_0006.wav,lazy_mixed_v05.wav,mixed,accept_when_target_speaking,1,6.000,7.000,0.434732,9.282
recordings/windows/1s/lazy_mixed_v05/window_0007.wav,lazy_mixed_v05.wav,mixed,accept_when_target_speaking,1,7.000,8.000,0.212187,9.240
recordings/windows/1s/lazy_mixed_v05/window_0008.wav,lazy_mixed_v05.wav,mixed,accept_when_target_speaking,1,8.000,9.000,0.394199,9.387
recordings/windows/1s/lazy_mixed_v05/window_0009.wav,lazy_mixed_v05.wav,mixed,accept_when_target_speaking,1,9.000,10.000,0.399826,9.373
recordings/windows/1s/lazy_mixed_v05/window_0010.wav,lazy_mixed_v05.wav,mixed,accept_when_target_speaking,1,10.000,11.000,0.404811,9.296
recordings/windows/1s/lazy_mixed_v05/window_0011.wav,lazy_mixed_v05.wav,mixed,accept_when_target_speaking,1,11.000,12.000,0.325934,9.304
recordings/windows/1s/lazy_mixed_v05/window_0012.wav,lazy_mixed_v05.wav,mixed,accept_when_target_speaking,1,12.000,13.000,0.517027,9.299
recordings/windows/1s/lazy_mixed_v05/window_0013.wav,lazy_mixed_v05.wav,mixed,accept_when_target_speaking,1,13.000,14.000,0.509426,9.246
recordings/windows/1s/lazy_mixed_v05/window_0014.wav,lazy_mixed_v05.wav,mixed,accept_when_target_speaking,1,14.000,15.000,0.506290,9.230
recordings/windows/1s/lazy_mixed_v05/window_0015.wav,lazy_mixed_v05.wav,mixed,accept_when_target_speaking,1,15.000,16.000,0.353453,9.252
recordings/windows/1s/lazy_mixed_v05/window_0016.wav,lazy_mixed_v05.wav,mixed,accept_when_target_speaking,1,16.000,17.000,0.477900,9.287
recordings/windows/1s/lazy_mixed_v05/window_0017.wav,lazy_mixed_v05.wav,mixed,accept_when_target_speaking,1,17.000,18.000,0.295522,9.297
recordings/windows/1s/lazy_mixed_v05/window_0018.wav,lazy_mixed_v05.wav,mixed,accept_when_target_speaking,1,18.000,19.000,0.235397,9.295
recordings/windows/1s/lazy_mixed_v05/window_0019.wav,lazy_mixed_v05.wav,mixed,accept_when_target_speaking,1,19.000,20.000,0.572854,9.288
recordings/windows/1s/lazy_mixed_v05/window_0020.wav,lazy_mixed_v05.wav,mixed,accept_when_target_speaking,1,20.000,21.000,0.536855,9.280
recordings/windows/1s/lazy_mixed_v05/window_0021.wav,lazy_mixed_v05.wav,mixed,accept_when_target_speaking,1,21.000,22.000,0.425843,9.271
recordings/windows/1s/lazy_mixed_v05/window_0022.wav,lazy_mixed_v05.wav,mixed,accept_when_target_speaking,1,22.000,23.000,0.403524,9.244
recordings/windows/1s/lazy_mixed_v05/window_0023.wav,lazy_mixed_v05.wav,mixed,accept_when_target_speaking,1,23.000,24.000,0.377641,9.238
recordings/windows/1s/lazy_mixed_v05/window_0024.wav,lazy_mixed_v05.wav,mixed,accept_when_target_speaking,1,24.000,25.000,0.196835,9.244
recordings/windows/1s/lazy_mixed_v05/window_0025.wav,lazy_mixed_v05.wav,mixed,accept_when_target_speaking,1,25.000,26.000,0.466665,9.240
recordings/windows/1s/lazy_mixed_v05/window_0026.wav,lazy_mixed_v05.wav,mixed,accept_when_target_speaking,1,26.000,27.000,0.482452,9.211
recordings/windows/1s/lazy_mixed_v05/window_0027.wav,lazy_mixed_v05.wav,mixed,accept_when_target_speaking,1,27.000,28.000,0.334867,9.248
recordings/windows/1s/lazy_mixed_v05/window_0028.wav,lazy_mixed_v05.wav,mixed,accept_when_target_speaking,1,28.000,29.000,0.506250,9.224
recordings/windows/1s/lazy_mixed_v05/window_0029.wav,lazy_mixed_v05.wav,mixed,accept_when_target_speaking,1,29.000,30.000,0.274544,9.274
recordings/windows/1s/lazy_mixed_v05/window_0030.wav,lazy_mixed_v05.wav,mixed,accept_when_target_speaking,1,30.000,31.000,0.530974,9.228
recordings/windows/1s/lazy_mixed_v05/window_0031.wav,lazy_mixed_v05.wav,mixed,accept_when_target_speaking,1,31.000,32.000,0.303971,9.254
recordings/windows/1s/lazy_mixed_v05/window_0032.wav,lazy_mixed_v05.wav,mixed,accept_when_target_speaking,1,32.000,33.000,0.465832,9.222
recordings/windows/1s/lazy_mixed_v05/window_0033.wav,lazy_mixed_v05.wav,mixed,accept_when_target_speaking,1,33.000,34.000,0.457487,9.225
recordings/windows/1s/lazy_mixed_v05/window_0034.wav,lazy_mixed_v05.wav,mixed,accept_when_target_speaking,1,34.000,35.000,0.289366,9.174
recordings/windows/1s/lazy_mixed_v05/window_0035.wav,lazy_mixed_v05.wav,mixed,accept_when_target_speaking,1,35.000,36.000,0.381775,9.520
recordings/windows/1s/lazy_mixed_v05/window_0036.wav,lazy_mixed_v05.wav,mixed,accept_when_target_speaking,1,36.000,37.000,0.480504,9.276
recordings/windows/1s/lazy_mixed_v05/window_0037.wav,lazy_mixed_v05.wav,mixed,accept_when_target_speaking,1,37.000,38.000,0.349234,9.316
recordings/windows/1s/lazy_mixed_v05/window_0038.wav,lazy_mixed_v05.wav,mixed,accept_when_target_speaking,1,38.000,39.000,0.278824,9.282
recordings/windows/1s/lazy_mixed_v05/window_0039.wav,lazy_mixed_v05.wav,mixed,accept_when_target_speaking,1,39.000,40.000,0.395343,9.266
recordings/windows/1s/lazy_mixed_v05/window_0040.wav,lazy_mixed_v05.wav,mixed,accept_when_target_speaking,1,40.000,41.000,0.110357,9.242
recordings/windows/1p5s/lazy_mixed_v05/window_0000.wav,lazy_mixed_v05.wav,mixed,accept_when_target_speaking,1.5,0.000,1.500,0.018414,10.631
recordings/windows/1p5s/lazy_mixed_v05/window_0001.wav,lazy_mixed_v05.wav,mixed,accept_when_target_speaking,1.5,1.500,3.000,0.521758,10.673
recordings/windows/1p5s/lazy_mixed_v05/window_0002.wav,lazy_mixed_v05.wav,mixed,accept_when_target_speaking,1.5,3.000,4.500,0.552143,10.604
recordings/windows/1p5s/lazy_mixed_v05/window_0003.wav,lazy_mixed_v05.wav,mixed,accept_when_target_speaking,1.5,4.500,6.000,0.457240,10.625
recordings/windows/1p5s/lazy_mixed_v05/window_0004.wav,lazy_mixed_v05.wav,mixed,accept_when_target_speaking,1.5,6.000,7.500,0.408681,10.655
recordings/windows/1p5s/lazy_mixed_v05/window_0005.wav,lazy_mixed_v05.wav,mixed,accept_when_target_speaking,1.5,7.500,9.000,0.486699,10.603
recordings/windows/1p5s/lazy_mixed_v05/window_0006.wav,lazy_mixed_v05.wav,mixed,accept_when_target_speaking,1.5,9.000,10.500,0.443972,10.604
recordings/windows/1p5s/lazy_mixed_v05/window_0007.wav,lazy_mixed_v05.wav,mixed,accept_when_target_speaking,1.5,10.500,12.000,0.465557,10.633
recordings/windows/1p5s/lazy_mixed_v05/window_0008.wav,lazy_mixed_v05.wav,mixed,accept_when_target_speaking,1.5,12.000,13.500,0.574386,10.642
recordings/windows/1p5s/lazy_mixed_v05/window_0009.wav,lazy_mixed_v05.wav,mixed,accept_when_target_speaking,1.5,13.500,15.000,0.675402,10.620
recordings/windows/1p5s/lazy_mixed_v05/window_0010.wav,lazy_mixed_v05.wav,mixed,accept_when_target_speaking,1.5,15.000,16.500,0.512245,10.650
recordings/windows/1p5s/lazy_mixed_v05/window_0011.wav,lazy_mixed_v05.wav,mixed,accept_when_target_speaking,1.5,16.500,18.000,0.431423,10.625
recordings/windows/1p5s/lazy_mixed_v05/window_0012.wav,lazy_mixed_v05.wav,mixed,accept_when_target_speaking,1.5,18.000,19.500,0.402183,10.651
recordings/windows/1p5s/lazy_mixed_v05/window_0013.wav,lazy_mixed_v05.wav,mixed,accept_when_target_speaking,1.5,19.500,21.000,0.589039,10.740
recordings/windows/1p5s/lazy_mixed_v05/window_0014.wav,lazy_mixed_v05.wav,mixed,accept_when_target_speaking,1.5,21.000,22.500,0.493376,10.660
recordings/windows/1p5s/lazy_mixed_v05/window_0015.wav,lazy_mixed_v05.wav,mixed,accept_when_target_speaking,1.5,22.500,24.000,0.414515,10.658
recordings/windows/1p5s/lazy_mixed_v05/window_0016.wav,lazy_mixed_v05.wav,mixed,accept_when_target_speaking,1.5,24.000,25.500,0.404075,10.606
recordings/windows/1p5s/lazy_mixed_v05/window_0017.wav,lazy_mixed_v05.wav,mixed,accept_when_target_speaking,1.5,25.500,27.000,0.514005,10.604
recordings/windows/1p5s/lazy_mixed_v05/window_0018.wav,lazy_mixed_v05.wav,mixed,accept_when_target_speaking,1.5,27.000,28.500,0.496207,10.590
recordings/windows/1p5s/lazy_mixed_v05/window_0019.wav,lazy_mixed_v05.wav,mixed,accept_when_target_speaking,1.5,28.500,30.000,0.266728,10.661
recordings/windows/1p5s/lazy_mixed_v05/window_0020.wav,lazy_mixed_v05.wav,mixed,accept_when_target_speaking,1.5,30.000,31.500,0.585577,10.582
recordings/windows/1p5s/lazy_mixed_v05/window_0021.wav,lazy_mixed_v05.wav,mixed,accept_when_target_speaking,1.5,31.500,33.000,0.510504,10.599
recordings/windows/1p5s/lazy_mixed_v05/window_0022.wav,lazy_mixed_v05.wav,mixed,accept_when_target_speaking,1.5,33.000,34.500,0.556825,10.591
recordings/windows/1p5s/lazy_mixed_v05/window_0023.wav,lazy_mixed_v05.wav,mixed,accept_when_target_speaking,1.5,34.500,36.000,0.421576,10.605
recordings/windows/1p5s/lazy_mixed_v05/window_0024.wav,lazy_mixed_v05.wav,mixed,accept_when_target_speaking,1.5,36.000,37.500,0.527227,10.592
recordings/windows/1p5s/lazy_mixed_v05/window_0025.wav,lazy_mixed_v05.wav,mixed,accept_when_target_speaking,1.5,37.500,39.000,0.392739,10.637
recordings/windows/1p5s/lazy_mixed_v05/window_0026.wav,lazy_mixed_v05.wav,mixed,accept_when_target_speaking,1.5,39.000,40.500,0.389774,10.559
recordings/windows/2s/lazy_mixed_v05/window_0000.wav,lazy_mixed_v05.wav,mixed,accept_when_target_speaking,2,0.000,2.000,0.343445,12.587
recordings/windows/2s/lazy_mixed_v05/window_0001.wav,lazy_mixed_v05.wav,mixed,accept_when_target_speaking,2,2.000,4.000,0.554683,12.563
recordings/windows/2s/lazy_mixed_v05/window_0002.wav,lazy_mixed_v05.wav,mixed,accept_when_target_speaking,2,4.000,6.000,0.564980,12.575
recordings/windows/2s/lazy_mixed_v05/window_0003.wav,lazy_mixed_v05.wav,mixed,accept_when_target_speaking,2,6.000,8.000,0.394050,12.632
recordings/windows/2s/lazy_mixed_v05/window_0004.wav,lazy_mixed_v05.wav,mixed,accept_when_target_speaking,2,8.000,10.000,0.552956,12.599
recordings/windows/2s/lazy_mixed_v05/window_0005.wav,lazy_mixed_v05.wav,mixed,accept_when_target_speaking,2,10.000,12.000,0.478619,12.568
recordings/windows/2s/lazy_mixed_v05/window_0006.wav,lazy_mixed_v05.wav,mixed,accept_when_target_speaking,2,12.000,14.000,0.632284,12.618
recordings/windows/2s/lazy_mixed_v05/window_0007.wav,lazy_mixed_v05.wav,mixed,accept_when_target_speaking,2,14.000,16.000,0.631669,12.539
recordings/windows/2s/lazy_mixed_v05/window_0008.wav,lazy_mixed_v05.wav,mixed,accept_when_target_speaking,2,16.000,18.000,0.492124,12.564
recordings/windows/2s/lazy_mixed_v05/window_0009.wav,lazy_mixed_v05.wav,mixed,accept_when_target_speaking,2,18.000,20.000,0.542504,12.573
recordings/windows/2s/lazy_mixed_v05/window_0010.wav,lazy_mixed_v05.wav,mixed,accept_when_target_speaking,2,20.000,22.000,0.593000,12.738
recordings/windows/2s/lazy_mixed_v05/window_0011.wav,lazy_mixed_v05.wav,mixed,accept_when_target_speaking,2,22.000,24.000,0.516484,12.749
recordings/windows/2s/lazy_mixed_v05/window_0012.wav,lazy_mixed_v05.wav,mixed,accept_when_target_speaking,2,24.000,26.000,0.524190,12.748
recordings/windows/2s/lazy_mixed_v05/window_0013.wav,lazy_mixed_v05.wav,mixed,accept_when_target_speaking,2,26.000,28.000,0.512126,12.602
recordings/windows/2s/lazy_mixed_v05/window_0014.wav,lazy_mixed_v05.wav,mixed,accept_when_target_speaking,2,28.000,30.000,0.478316,12.606
recordings/windows/2s/lazy_mixed_v05/window_0015.wav,lazy_mixed_v05.wav,mixed,accept_when_target_speaking,2,30.000,32.000,0.568676,12.610
recordings/windows/2s/lazy_mixed_v05/window_0016.wav,lazy_mixed_v05.wav,mixed,accept_when_target_speaking,2,32.000,34.000,0.606836,12.625
recordings/windows/2s/lazy_mixed_v05/window_0017.wav,lazy_mixed_v05.wav,mixed,accept_when_target_speaking,2,34.000,36.000,0.403610,12.675
recordings/windows/2s/lazy_mixed_v05/window_0018.wav,lazy_mixed_v05.wav,mixed,accept_when_target_speaking,2,36.000,38.000,0.578880,12.626
recordings/windows/2s/lazy_mixed_v05/window_0019.wav,lazy_mixed_v05.wav,mixed,accept_when_target_speaking,2,38.000,40.000,0.514601,12.557
recordings/windows/1s/lazy_mixed_v10/window_0000.wav,lazy_mixed_v10.wav,mixed,accept_when_target_speaking,1,0.000,1.000,-0.010482,9.337
recordings/windows/1s/lazy_mixed_v10/window_0001.wav,lazy_mixed_v10.wav,mixed,accept_when_target_speaking,1,1.000,2.000,0.327059,9.285
recordings/windows/1s/lazy_mixed_v10/window_0002.wav,lazy_mixed_v10.wav,mixed,accept_when_target_speaking,1,2.000,3.000,0.157307,9.522
recordings/windows/1s/lazy_mixed_v10/window_0003.wav,lazy_mixed_v10.wav,mixed,accept_when_target_speaking,1,3.000,4.000,0.393339,9.547
recordings/windows/1s/lazy_mixed_v10/window_0004.wav,lazy_mixed_v10.wav,mixed,accept_when_target_speaking,1,4.000,5.000,0.349314,9.333
recordings/windows/1s/lazy_mixed_v10/window_0005.wav,lazy_mixed_v10.wav,mixed,accept_when_target_speaking,1,5.000,6.000,0.206928,9.313
recordings/windows/1s/lazy_mixed_v10/window_0006.wav,lazy_mixed_v10.wav,mixed,accept_when_target_speaking,1,6.000,7.000,0.330656,9.369
recordings/windows/1s/lazy_mixed_v10/window_0007.wav,lazy_mixed_v10.wav,mixed,accept_when_target_speaking,1,7.000,8.000,0.357139,9.399
recordings/windows/1s/lazy_mixed_v10/window_0008.wav,lazy_mixed_v10.wav,mixed,accept_when_target_speaking,1,8.000,9.000,0.354284,9.310
recordings/windows/1s/lazy_mixed_v10/window_0009.wav,lazy_mixed_v10.wav,mixed,accept_when_target_speaking,1,9.000,10.000,0.421070,9.311
recordings/windows/1s/lazy_mixed_v10/window_0010.wav,lazy_mixed_v10.wav,mixed,accept_when_target_speaking,1,10.000,11.000,0.218267,9.279
recordings/windows/1s/lazy_mixed_v10/window_0011.wav,lazy_mixed_v10.wav,mixed,accept_when_target_speaking,1,11.000,12.000,0.391200,9.275
recordings/windows/1s/lazy_mixed_v10/window_0012.wav,lazy_mixed_v10.wav,mixed,accept_when_target_speaking,1,12.000,13.000,0.322990,9.357
recordings/windows/1s/lazy_mixed_v10/window_0013.wav,lazy_mixed_v10.wav,mixed,accept_when_target_speaking,1,13.000,14.000,0.492745,9.308
recordings/windows/1s/lazy_mixed_v10/window_0014.wav,lazy_mixed_v10.wav,mixed,accept_when_target_speaking,1,14.000,15.000,0.252432,9.292
recordings/windows/1s/lazy_mixed_v10/window_0015.wav,lazy_mixed_v10.wav,mixed,accept_when_target_speaking,1,15.000,16.000,0.029483,9.251
recordings/windows/1s/lazy_mixed_v10/window_0016.wav,lazy_mixed_v10.wav,mixed,accept_when_target_speaking,1,16.000,17.000,0.285262,9.242
recordings/windows/1s/lazy_mixed_v10/window_0017.wav,lazy_mixed_v10.wav,mixed,accept_when_target_speaking,1,17.000,18.000,0.115315,9.263
recordings/windows/1s/lazy_mixed_v10/window_0018.wav,lazy_mixed_v10.wav,mixed,accept_when_target_speaking,1,18.000,19.000,0.341005,9.275
recordings/windows/1s/lazy_mixed_v10/window_0019.wav,lazy_mixed_v10.wav,mixed,accept_when_target_speaking,1,19.000,20.000,0.496928,9.251
recordings/windows/1s/lazy_mixed_v10/window_0020.wav,lazy_mixed_v10.wav,mixed,accept_when_target_speaking,1,20.000,21.000,0.365376,9.286
recordings/windows/1s/lazy_mixed_v10/window_0021.wav,lazy_mixed_v10.wav,mixed,accept_when_target_speaking,1,21.000,22.000,0.166687,9.257
recordings/windows/1s/lazy_mixed_v10/window_0022.wav,lazy_mixed_v10.wav,mixed,accept_when_target_speaking,1,22.000,23.000,-0.012186,9.246
recordings/windows/1s/lazy_mixed_v10/window_0023.wav,lazy_mixed_v10.wav,mixed,accept_when_target_speaking,1,23.000,24.000,0.294579,9.216
recordings/windows/1s/lazy_mixed_v10/window_0024.wav,lazy_mixed_v10.wav,mixed,accept_when_target_speaking,1,24.000,25.000,0.393198,9.272
recordings/windows/1s/lazy_mixed_v10/window_0025.wav,lazy_mixed_v10.wav,mixed,accept_when_target_speaking,1,25.000,26.000,0.203885,9.253
recordings/windows/1s/lazy_mixed_v10/window_0026.wav,lazy_mixed_v10.wav,mixed,accept_when_target_speaking,1,26.000,27.000,0.043015,9.269
recordings/windows/1s/lazy_mixed_v10/window_0027.wav,lazy_mixed_v10.wav,mixed,accept_when_target_speaking,1,27.000,28.000,0.349680,9.261
recordings/windows/1s/lazy_mixed_v10/window_0028.wav,lazy_mixed_v10.wav,mixed,accept_when_target_speaking,1,28.000,29.000,0.424318,9.215
recordings/windows/1s/lazy_mixed_v10/window_0029.wav,lazy_mixed_v10.wav,mixed,accept_when_target_speaking,1,29.000,30.000,0.328000,9.273
recordings/windows/1s/lazy_mixed_v10/window_0030.wav,lazy_mixed_v10.wav,mixed,accept_when_target_speaking,1,30.000,31.000,0.410419,9.262
recordings/windows/1s/lazy_mixed_v10/window_0031.wav,lazy_mixed_v10.wav,mixed,accept_when_target_speaking,1,31.000,32.000,0.179250,9.225
recordings/windows/1s/lazy_mixed_v10/window_0032.wav,lazy_mixed_v10.wav,mixed,accept_when_target_speaking,1,32.000,33.000,0.339898,9.310
recordings/windows/1s/lazy_mixed_v10/window_0033.wav,lazy_mixed_v10.wav,mixed,accept_when_target_speaking,1,33.000,34.000,0.100051,9.295
recordings/windows/1s/lazy_mixed_v10/window_0034.wav,lazy_mixed_v10.wav,mixed,accept_when_target_speaking,1,34.000,35.000,0.414693,9.266
recordings/windows/1s/lazy_mixed_v10/window_0035.wav,lazy_mixed_v10.wav,mixed,accept_when_target_speaking,1,35.000,36.000,0.419469,9.301
recordings/windows/1s/lazy_mixed_v10/window_0036.wav,lazy_mixed_v10.wav,mixed,accept_when_target_speaking,1,36.000,37.000,0.310686,9.256
recordings/windows/1s/lazy_mixed_v10/window_0037.wav,lazy_mixed_v10.wav,mixed,accept_when_target_speaking,1,37.000,38.000,0.345970,9.209
recordings/windows/1s/lazy_mixed_v10/window_0038.wav,lazy_mixed_v10.wav,mixed,accept_when_target_speaking,1,38.000,39.000,0.186945,9.247
recordings/windows/1s/lazy_mixed_v10/window_0039.wav,lazy_mixed_v10.wav,mixed,accept_when_target_speaking,1,39.000,40.000,0.329000,9.213
recordings/windows/1s/lazy_mixed_v10/window_0040.wav,lazy_mixed_v10.wav,mixed,accept_when_target_speaking,1,40.000,41.000,0.331604,9.294
recordings/windows/1s/lazy_mixed_v10/window_0041.wav,lazy_mixed_v10.wav,mixed,accept_when_target_speaking,1,41.000,42.000,0.129074,9.279
recordings/windows/1s/lazy_mixed_v10/window_0042.wav,lazy_mixed_v10.wav,mixed,accept_when_target_speaking,1,42.000,43.000,0.178087,9.244
recordings/windows/1s/lazy_mixed_v10/window_0043.wav,lazy_mixed_v10.wav,mixed,accept_when_target_speaking,1,43.000,44.000,0.277487,9.293
recordings/windows/1s/lazy_mixed_v10/window_0044.wav,lazy_mixed_v10.wav,mixed,accept_when_target_speaking,1,44.000,45.000,0.287575,9.270
recordings/windows/1s/lazy_mixed_v10/window_0045.wav,lazy_mixed_v10.wav,mixed,accept_when_target_speaking,1,45.000,46.000,-0.046948,9.285
recordings/windows/1s/lazy_mixed_v10/window_0046.wav,lazy_mixed_v10.wav,mixed,accept_when_target_speaking,1,46.000,47.000,0.043954,9.232
recordings/windows/1p5s/lazy_mixed_v10/window_0000.wav,lazy_mixed_v10.wav,mixed,accept_when_target_speaking,1.5,0.000,1.500,0.294805,10.594
recordings/windows/1p5s/lazy_mixed_v10/window_0001.wav,lazy_mixed_v10.wav,mixed,accept_when_target_speaking,1.5,1.500,3.000,0.254445,10.623
recordings/windows/1p5s/lazy_mixed_v10/window_0002.wav,lazy_mixed_v10.wav,mixed,accept_when_target_speaking,1.5,3.000,4.500,0.541344,10.613
recordings/windows/1p5s/lazy_mixed_v10/window_0003.wav,lazy_mixed_v10.wav,mixed,accept_when_target_speaking,1.5,4.500,6.000,0.285214,10.726
recordings/windows/1p5s/lazy_mixed_v10/window_0004.wav,lazy_mixed_v10.wav,mixed,accept_when_target_speaking,1.5,6.000,7.500,0.333870,10.580
recordings/windows/1p5s/lazy_mixed_v10/window_0005.wav,lazy_mixed_v10.wav,mixed,accept_when_target_speaking,1.5,7.500,9.000,0.406523,10.625
recordings/windows/1p5s/lazy_mixed_v10/window_0006.wav,lazy_mixed_v10.wav,mixed,accept_when_target_speaking,1.5,9.000,10.500,0.416295,10.589
recordings/windows/1p5s/lazy_mixed_v10/window_0007.wav,lazy_mixed_v10.wav,mixed,accept_when_target_speaking,1.5,10.500,12.000,0.435330,10.563
recordings/windows/1p5s/lazy_mixed_v10/window_0008.wav,lazy_mixed_v10.wav,mixed,accept_when_target_speaking,1.5,12.000,13.500,0.497500,10.580
recordings/windows/1p5s/lazy_mixed_v10/window_0009.wav,lazy_mixed_v10.wav,mixed,accept_when_target_speaking,1.5,13.500,15.000,0.374299,10.786
recordings/windows/1p5s/lazy_mixed_v10/window_0010.wav,lazy_mixed_v10.wav,mixed,accept_when_target_speaking,1.5,15.000,16.500,0.324166,10.601
recordings/windows/1p5s/lazy_mixed_v10/window_0011.wav,lazy_mixed_v10.wav,mixed,accept_when_target_speaking,1.5,16.500,18.000,0.194009,10.635
recordings/windows/1p5s/lazy_mixed_v10/window_0012.wav,lazy_mixed_v10.wav,mixed,accept_when_target_speaking,1.5,18.000,19.500,0.294521,10.631
recordings/windows/1p5s/lazy_mixed_v10/window_0013.wav,lazy_mixed_v10.wav,mixed,accept_when_target_speaking,1.5,19.500,21.000,0.507095,10.646
recordings/windows/1p5s/lazy_mixed_v10/window_0014.wav,lazy_mixed_v10.wav,mixed,accept_when_target_speaking,1.5,21.000,22.500,0.351544,10.560
recordings/windows/1p5s/lazy_mixed_v10/window_0015.wav,lazy_mixed_v10.wav,mixed,accept_when_target_speaking,1.5,22.500,24.000,0.362634,10.648
recordings/windows/1p5s/lazy_mixed_v10/window_0016.wav,lazy_mixed_v10.wav,mixed,accept_when_target_speaking,1.5,24.000,25.500,0.363774,10.595
recordings/windows/1p5s/lazy_mixed_v10/window_0017.wav,lazy_mixed_v10.wav,mixed,accept_when_target_speaking,1.5,25.500,27.000,0.144448,10.629
recordings/windows/1p5s/lazy_mixed_v10/window_0018.wav,lazy_mixed_v10.wav,mixed,accept_when_target_speaking,1.5,27.000,28.500,0.431911,10.569
recordings/windows/1p5s/lazy_mixed_v10/window_0019.wav,lazy_mixed_v10.wav,mixed,accept_when_target_speaking,1.5,28.500,30.000,0.433940,10.595
recordings/windows/1p5s/lazy_mixed_v10/window_0020.wav,lazy_mixed_v10.wav,mixed,accept_when_target_speaking,1.5,30.000,31.500,0.467232,10.638
recordings/windows/1p5s/lazy_mixed_v10/window_0021.wav,lazy_mixed_v10.wav,mixed,accept_when_target_speaking,1.5,31.500,33.000,0.365022,10.574
recordings/windows/1p5s/lazy_mixed_v10/window_0022.wav,lazy_mixed_v10.wav,mixed,accept_when_target_speaking,1.5,33.000,34.500,0.339401,10.632
recordings/windows/1p5s/lazy_mixed_v10/window_0023.wav,lazy_mixed_v10.wav,mixed,accept_when_target_speaking,1.5,34.500,36.000,0.490660,10.626
recordings/windows/1p5s/lazy_mixed_v10/window_0024.wav,lazy_mixed_v10.wav,mixed,accept_when_target_speaking,1.5,36.000,37.500,0.368215,10.605
recordings/windows/1p5s/lazy_mixed_v10/window_0025.wav,lazy_mixed_v10.wav,mixed,accept_when_target_speaking,1.5,37.500,39.000,0.284152,10.639
recordings/windows/1p5s/lazy_mixed_v10/window_0026.wav,lazy_mixed_v10.wav,mixed,accept_when_target_speaking,1.5,39.000,40.500,0.367412,10.613
recordings/windows/1p5s/lazy_mixed_v10/window_0027.wav,lazy_mixed_v10.wav,mixed,accept_when_target_speaking,1.5,40.500,42.000,0.270625,10.581
recordings/windows/1p5s/lazy_mixed_v10/window_0028.wav,lazy_mixed_v10.wav,mixed,accept_when_target_speaking,1.5,42.000,43.500,0.387037,10.600
recordings/windows/1p5s/lazy_mixed_v10/window_0029.wav,lazy_mixed_v10.wav,mixed,accept_when_target_speaking,1.5,43.500,45.000,0.376974,10.597
recordings/windows/1p5s/lazy_mixed_v10/window_0030.wav,lazy_mixed_v10.wav,mixed,accept_when_target_speaking,1.5,45.000,46.500,0.084026,10.633
recordings/windows/2s/lazy_mixed_v10/window_0000.wav,lazy_mixed_v10.wav,mixed,accept_when_target_speaking,2,0.000,2.000,0.323121,12.545
recordings/windows/2s/lazy_mixed_v10/window_0001.wav,lazy_mixed_v10.wav,mixed,accept_when_target_speaking,2,2.000,4.000,0.324278,12.561
recordings/windows/2s/lazy_mixed_v10/window_0002.wav,lazy_mixed_v10.wav,mixed,accept_when_target_speaking,2,4.000,6.000,0.403568,12.544
recordings/windows/2s/lazy_mixed_v10/window_0003.wav,lazy_mixed_v10.wav,mixed,accept_when_target_speaking,2,6.000,8.000,0.386733,12.558
recordings/windows/2s/lazy_mixed_v10/window_0004.wav,lazy_mixed_v10.wav,mixed,accept_when_target_speaking,2,8.000,10.000,0.510063,12.524
recordings/windows/2s/lazy_mixed_v10/window_0005.wav,lazy_mixed_v10.wav,mixed,accept_when_target_speaking,2,10.000,12.000,0.445629,12.649
recordings/windows/2s/lazy_mixed_v10/window_0006.wav,lazy_mixed_v10.wav,mixed,accept_when_target_speaking,2,12.000,14.000,0.556915,12.624
recordings/windows/2s/lazy_mixed_v10/window_0007.wav,lazy_mixed_v10.wav,mixed,accept_when_target_speaking,2,14.000,16.000,0.264736,12.659
recordings/windows/2s/lazy_mixed_v10/window_0008.wav,lazy_mixed_v10.wav,mixed,accept_when_target_speaking,2,16.000,18.000,0.332621,12.573
recordings/windows/2s/lazy_mixed_v10/window_0009.wav,lazy_mixed_v10.wav,mixed,accept_when_target_speaking,2,18.000,20.000,0.485451,12.576
recordings/windows/2s/lazy_mixed_v10/window_0010.wav,lazy_mixed_v10.wav,mixed,accept_when_target_speaking,2,20.000,22.000,0.511105,12.613
recordings/windows/2s/lazy_mixed_v10/window_0011.wav,lazy_mixed_v10.wav,mixed,accept_when_target_speaking,2,22.000,24.000,0.338682,12.533
recordings/windows/2s/lazy_mixed_v10/window_0012.wav,lazy_mixed_v10.wav,mixed,accept_when_target_speaking,2,24.000,26.000,0.433953,12.575
recordings/windows/2s/lazy_mixed_v10/window_0013.wav,lazy_mixed_v10.wav,mixed,accept_when_target_speaking,2,26.000,28.000,0.368009,12.629
recordings/windows/2s/lazy_mixed_v10/window_0014.wav,lazy_mixed_v10.wav,mixed,accept_when_target_speaking,2,28.000,30.000,0.452704,12.599
recordings/windows/2s/lazy_mixed_v10/window_0015.wav,lazy_mixed_v10.wav,mixed,accept_when_target_speaking,2,30.000,32.000,0.455035,12.531
recordings/windows/2s/lazy_mixed_v10/window_0016.wav,lazy_mixed_v10.wav,mixed,accept_when_target_speaking,2,32.000,34.000,0.395872,12.596
recordings/windows/2s/lazy_mixed_v10/window_0017.wav,lazy_mixed_v10.wav,mixed,accept_when_target_speaking,2,34.000,36.000,0.507857,12.535
recordings/windows/2s/lazy_mixed_v10/window_0018.wav,lazy_mixed_v10.wav,mixed,accept_when_target_speaking,2,36.000,38.000,0.426547,12.530
recordings/windows/2s/lazy_mixed_v10/window_0019.wav,lazy_mixed_v10.wav,mixed,accept_when_target_speaking,2,38.000,40.000,0.321070,12.810
recordings/windows/2s/lazy_mixed_v10/window_0020.wav,lazy_mixed_v10.wav,mixed,accept_when_target_speaking,2,40.000,42.000,0.387547,12.533
recordings/windows/2s/lazy_mixed_v10/window_0021.wav,lazy_mixed_v10.wav,mixed,accept_when_target_speaking,2,42.000,44.000,0.398730,12.529
recordings/windows/2s/lazy_mixed_v10/window_0022.wav,lazy_mixed_v10.wav,mixed,accept_when_target_speaking,2,44.000,46.000,0.384883,12.527
recordings/windows/1s/lazy_mixed_v16/window_0000.wav,lazy_mixed_v16.wav,mixed,accept_when_target_speaking,1,0.000,1.000,0.153742,9.360
recordings/windows/1s/lazy_mixed_v16/window_0001.wav,lazy_mixed_v16.wav,mixed,accept_when_target_speaking,1,1.000,2.000,0.178861,9.612
recordings/windows/1s/lazy_mixed_v16/window_0002.wav,lazy_mixed_v16.wav,mixed,accept_when_target_speaking,1,2.000,3.000,0.238448,9.676
recordings/windows/1s/lazy_mixed_v16/window_0003.wav,lazy_mixed_v16.wav,mixed,accept_when_target_speaking,1,3.000,4.000,0.137681,9.424
recordings/windows/1s/lazy_mixed_v16/window_0004.wav,lazy_mixed_v16.wav,mixed,accept_when_target_speaking,1,4.000,5.000,0.128011,9.374
recordings/windows/1s/lazy_mixed_v16/window_0005.wav,lazy_mixed_v16.wav,mixed,accept_when_target_speaking,1,5.000,6.000,0.059307,9.244
recordings/windows/1s/lazy_mixed_v16/window_0006.wav,lazy_mixed_v16.wav,mixed,accept_when_target_speaking,1,6.000,7.000,0.048760,9.422
recordings/windows/1s/lazy_mixed_v16/window_0007.wav,lazy_mixed_v16.wav,mixed,accept_when_target_speaking,1,7.000,8.000,-0.029227,9.320
recordings/windows/1s/lazy_mixed_v16/window_0008.wav,lazy_mixed_v16.wav,mixed,accept_when_target_speaking,1,8.000,9.000,0.170354,9.266
recordings/windows/1s/lazy_mixed_v16/window_0009.wav,lazy_mixed_v16.wav,mixed,accept_when_target_speaking,1,9.000,10.000,0.192701,9.253
recordings/windows/1s/lazy_mixed_v16/window_0010.wav,lazy_mixed_v16.wav,mixed,accept_when_target_speaking,1,10.000,11.000,0.337813,9.315
recordings/windows/1s/lazy_mixed_v16/window_0011.wav,lazy_mixed_v16.wav,mixed,accept_when_target_speaking,1,11.000,12.000,0.158169,9.278
recordings/windows/1s/lazy_mixed_v16/window_0012.wav,lazy_mixed_v16.wav,mixed,accept_when_target_speaking,1,12.000,13.000,0.092831,9.245
recordings/windows/1s/lazy_mixed_v16/window_0013.wav,lazy_mixed_v16.wav,mixed,accept_when_target_speaking,1,13.000,14.000,0.135974,9.290
recordings/windows/1s/lazy_mixed_v16/window_0014.wav,lazy_mixed_v16.wav,mixed,accept_when_target_speaking,1,14.000,15.000,0.064122,9.312
recordings/windows/1s/lazy_mixed_v16/window_0015.wav,lazy_mixed_v16.wav,mixed,accept_when_target_speaking,1,15.000,16.000,-0.064031,9.229
recordings/windows/1s/lazy_mixed_v16/window_0016.wav,lazy_mixed_v16.wav,mixed,accept_when_target_speaking,1,16.000,17.000,0.047910,9.293
recordings/windows/1s/lazy_mixed_v16/window_0017.wav,lazy_mixed_v16.wav,mixed,accept_when_target_speaking,1,17.000,18.000,0.053470,9.234
recordings/windows/1s/lazy_mixed_v16/window_0018.wav,lazy_mixed_v16.wav,mixed,accept_when_target_speaking,1,18.000,19.000,0.068063,9.253
recordings/windows/1s/lazy_mixed_v16/window_0019.wav,lazy_mixed_v16.wav,mixed,accept_when_target_speaking,1,19.000,20.000,-0.031523,9.220
recordings/windows/1s/lazy_mixed_v16/window_0020.wav,lazy_mixed_v16.wav,mixed,accept_when_target_speaking,1,20.000,21.000,0.255101,9.320
recordings/windows/1s/lazy_mixed_v16/window_0021.wav,lazy_mixed_v16.wav,mixed,accept_when_target_speaking,1,21.000,22.000,0.134959,9.244
recordings/windows/1s/lazy_mixed_v16/window_0022.wav,lazy_mixed_v16.wav,mixed,accept_when_target_speaking,1,22.000,23.000,0.285185,9.293
recordings/windows/1s/lazy_mixed_v16/window_0023.wav,lazy_mixed_v16.wav,mixed,accept_when_target_speaking,1,23.000,24.000,0.099624,9.239
recordings/windows/1s/lazy_mixed_v16/window_0024.wav,lazy_mixed_v16.wav,mixed,accept_when_target_speaking,1,24.000,25.000,-0.055537,9.229
recordings/windows/1s/lazy_mixed_v16/window_0025.wav,lazy_mixed_v16.wav,mixed,accept_when_target_speaking,1,25.000,26.000,0.088997,9.267
recordings/windows/1s/lazy_mixed_v16/window_0026.wav,lazy_mixed_v16.wav,mixed,accept_when_target_speaking,1,26.000,27.000,0.105768,9.241
recordings/windows/1s/lazy_mixed_v16/window_0027.wav,lazy_mixed_v16.wav,mixed,accept_when_target_speaking,1,27.000,28.000,0.065100,9.291
recordings/windows/1s/lazy_mixed_v16/window_0028.wav,lazy_mixed_v16.wav,mixed,accept_when_target_speaking,1,28.000,29.000,0.210913,9.448
recordings/windows/1s/lazy_mixed_v16/window_0029.wav,lazy_mixed_v16.wav,mixed,accept_when_target_speaking,1,29.000,30.000,0.096474,9.265
recordings/windows/1s/lazy_mixed_v16/window_0030.wav,lazy_mixed_v16.wav,mixed,accept_when_target_speaking,1,30.000,31.000,0.187991,9.268
recordings/windows/1s/lazy_mixed_v16/window_0031.wav,lazy_mixed_v16.wav,mixed,accept_when_target_speaking,1,31.000,32.000,0.220455,9.260
recordings/windows/1s/lazy_mixed_v16/window_0032.wav,lazy_mixed_v16.wav,mixed,accept_when_target_speaking,1,32.000,33.000,0.183030,9.255
recordings/windows/1s/lazy_mixed_v16/window_0033.wav,lazy_mixed_v16.wav,mixed,accept_when_target_speaking,1,33.000,34.000,0.151737,9.230
recordings/windows/1s/lazy_mixed_v16/window_0034.wav,lazy_mixed_v16.wav,mixed,accept_when_target_speaking,1,34.000,35.000,0.170768,9.314
recordings/windows/1s/lazy_mixed_v16/window_0035.wav,lazy_mixed_v16.wav,mixed,accept_when_target_speaking,1,35.000,36.000,0.214713,9.209
recordings/windows/1s/lazy_mixed_v16/window_0036.wav,lazy_mixed_v16.wav,mixed,accept_when_target_speaking,1,36.000,37.000,0.145748,9.266
recordings/windows/1s/lazy_mixed_v16/window_0037.wav,lazy_mixed_v16.wav,mixed,accept_when_target_speaking,1,37.000,38.000,0.012437,9.221
recordings/windows/1s/lazy_mixed_v16/window_0038.wav,lazy_mixed_v16.wav,mixed,accept_when_target_speaking,1,38.000,39.000,0.052323,9.229
recordings/windows/1s/lazy_mixed_v16/window_0039.wav,lazy_mixed_v16.wav,mixed,accept_when_target_speaking,1,39.000,40.000,0.136655,9.274
recordings/windows/1s/lazy_mixed_v16/window_0040.wav,lazy_mixed_v16.wav,mixed,accept_when_target_speaking,1,40.000,41.000,0.104675,9.288
recordings/windows/1s/lazy_mixed_v16/window_0041.wav,lazy_mixed_v16.wav,mixed,accept_when_target_speaking,1,41.000,42.000,0.074016,9.263
recordings/windows/1s/lazy_mixed_v16/window_0042.wav,lazy_mixed_v16.wav,mixed,accept_when_target_speaking,1,42.000,43.000,0.188118,9.208
recordings/windows/1s/lazy_mixed_v16/window_0043.wav,lazy_mixed_v16.wav,mixed,accept_when_target_speaking,1,43.000,44.000,0.144992,9.282
recordings/windows/1s/lazy_mixed_v16/window_0044.wav,lazy_mixed_v16.wav,mixed,accept_when_target_speaking,1,44.000,45.000,0.029248,9.235
recordings/windows/1s/lazy_mixed_v16/window_0045.wav,lazy_mixed_v16.wav,mixed,accept_when_target_speaking,1,45.000,46.000,0.053381,9.349
recordings/windows/1p5s/lazy_mixed_v16/window_0000.wav,lazy_mixed_v16.wav,mixed,accept_when_target_speaking,1.5,0.000,1.500,0.153911,10.613
recordings/windows/1p5s/lazy_mixed_v16/window_0001.wav,lazy_mixed_v16.wav,mixed,accept_when_target_speaking,1.5,1.500,3.000,0.258500,10.634
recordings/windows/1p5s/lazy_mixed_v16/window_0002.wav,lazy_mixed_v16.wav,mixed,accept_when_target_speaking,1.5,3.000,4.500,0.033453,10.985
recordings/windows/1p5s/lazy_mixed_v16/window_0003.wav,lazy_mixed_v16.wav,mixed,accept_when_target_speaking,1.5,4.500,6.000,0.218708,10.814
recordings/windows/1p5s/lazy_mixed_v16/window_0004.wav,lazy_mixed_v16.wav,mixed,accept_when_target_speaking,1.5,6.000,7.500,0.023297,10.785
recordings/windows/1p5s/lazy_mixed_v16/window_0005.wav,lazy_mixed_v16.wav,mixed,accept_when_target_speaking,1.5,7.500,9.000,0.191327,10.696
recordings/windows/1p5s/lazy_mixed_v16/window_0006.wav,lazy_mixed_v16.wav,mixed,accept_when_target_speaking,1.5,9.000,10.500,0.269007,10.671
recordings/windows/1p5s/lazy_mixed_v16/window_0007.wav,lazy_mixed_v16.wav,mixed,accept_when_target_speaking,1.5,10.500,12.000,0.209282,10.643
recordings/windows/1p5s/lazy_mixed_v16/window_0008.wav,lazy_mixed_v16.wav,mixed,accept_when_target_speaking,1.5,12.000,13.500,0.122685,10.696
recordings/windows/1p5s/lazy_mixed_v16/window_0009.wav,lazy_mixed_v16.wav,mixed,accept_when_target_speaking,1.5,13.500,15.000,0.062626,11.059
recordings/windows/1p5s/lazy_mixed_v16/window_0010.wav,lazy_mixed_v16.wav,mixed,accept_when_target_speaking,1.5,15.000,16.500,-0.109806,11.048
recordings/windows/1p5s/lazy_mixed_v16/window_0011.wav,lazy_mixed_v16.wav,mixed,accept_when_target_speaking,1.5,16.500,18.000,0.052739,10.832
recordings/windows/1p5s/lazy_mixed_v16/window_0012.wav,lazy_mixed_v16.wav,mixed,accept_when_target_speaking,1.5,18.000,19.500,0.016900,10.912
recordings/windows/1p5s/lazy_mixed_v16/window_0013.wav,lazy_mixed_v16.wav,mixed,accept_when_target_speaking,1.5,19.500,21.000,0.207084,10.982
recordings/windows/1p5s/lazy_mixed_v16/window_0014.wav,lazy_mixed_v16.wav,mixed,accept_when_target_speaking,1.5,21.000,22.500,0.213580,11.321
recordings/windows/1p5s/lazy_mixed_v16/window_0015.wav,lazy_mixed_v16.wav,mixed,accept_when_target_speaking,1.5,22.500,24.000,0.106913,11.342
recordings/windows/1p5s/lazy_mixed_v16/window_0016.wav,lazy_mixed_v16.wav,mixed,accept_when_target_speaking,1.5,24.000,25.500,0.193893,10.905
recordings/windows/1p5s/lazy_mixed_v16/window_0017.wav,lazy_mixed_v16.wav,mixed,accept_when_target_speaking,1.5,25.500,27.000,0.097114,11.117
recordings/windows/1p5s/lazy_mixed_v16/window_0018.wav,lazy_mixed_v16.wav,mixed,accept_when_target_speaking,1.5,27.000,28.500,0.071811,11.087
recordings/windows/1p5s/lazy_mixed_v16/window_0019.wav,lazy_mixed_v16.wav,mixed,accept_when_target_speaking,1.5,28.500,30.000,0.137352,10.884
recordings/windows/1p5s/lazy_mixed_v16/window_0020.wav,lazy_mixed_v16.wav,mixed,accept_when_target_speaking,1.5,30.000,31.500,0.223692,10.740
recordings/windows/1p5s/lazy_mixed_v16/window_0021.wav,lazy_mixed_v16.wav,mixed,accept_when_target_speaking,1.5,31.500,33.000,0.159635,10.827
recordings/windows/1p5s/lazy_mixed_v16/window_0022.wav,lazy_mixed_v16.wav,mixed,accept_when_target_speaking,1.5,33.000,34.500,0.169977,10.742
recordings/windows/1p5s/lazy_mixed_v16/window_0023.wav,lazy_mixed_v16.wav,mixed,accept_when_target_speaking,1.5,34.500,36.000,0.196709,10.599
recordings/windows/1p5s/lazy_mixed_v16/window_0024.wav,lazy_mixed_v16.wav,mixed,accept_when_target_speaking,1.5,36.000,37.500,0.162262,10.731
recordings/windows/1p5s/lazy_mixed_v16/window_0025.wav,lazy_mixed_v16.wav,mixed,accept_when_target_speaking,1.5,37.500,39.000,0.022151,10.803
recordings/windows/1p5s/lazy_mixed_v16/window_0026.wav,lazy_mixed_v16.wav,mixed,accept_when_target_speaking,1.5,39.000,40.500,0.066724,10.717
recordings/windows/1p5s/lazy_mixed_v16/window_0027.wav,lazy_mixed_v16.wav,mixed,accept_when_target_speaking,1.5,40.500,42.000,0.109461,10.698
recordings/windows/1p5s/lazy_mixed_v16/window_0028.wav,lazy_mixed_v16.wav,mixed,accept_when_target_speaking,1.5,42.000,43.500,0.263263,10.736
recordings/windows/1p5s/lazy_mixed_v16/window_0029.wav,lazy_mixed_v16.wav,mixed,accept_when_target_speaking,1.5,43.500,45.000,0.054050,10.838
recordings/windows/2s/lazy_mixed_v16/window_0000.wav,lazy_mixed_v16.wav,mixed,accept_when_target_speaking,2,0.000,2.000,0.158309,12.785
recordings/windows/2s/lazy_mixed_v16/window_0001.wav,lazy_mixed_v16.wav,mixed,accept_when_target_speaking,2,2.000,4.000,0.256452,12.808
recordings/windows/2s/lazy_mixed_v16/window_0002.wav,lazy_mixed_v16.wav,mixed,accept_when_target_speaking,2,4.000,6.000,0.201838,12.750
recordings/windows/2s/lazy_mixed_v16/window_0003.wav,lazy_mixed_v16.wav,mixed,accept_when_target_speaking,2,6.000,8.000,-0.048222,12.728
recordings/windows/2s/lazy_mixed_v16/window_0004.wav,lazy_mixed_v16.wav,mixed,accept_when_target_speaking,2,8.000,10.000,0.308849,13.145
recordings/windows/2s/lazy_mixed_v16/window_0005.wav,lazy_mixed_v16.wav,mixed,accept_when_target_speaking,2,10.000,12.000,0.343272,12.932
recordings/windows/2s/lazy_mixed_v16/window_0006.wav,lazy_mixed_v16.wav,mixed,accept_when_target_speaking,2,12.000,14.000,0.064833,12.925
recordings/windows/2s/lazy_mixed_v16/window_0007.wav,lazy_mixed_v16.wav,mixed,accept_when_target_speaking,2,14.000,16.000,0.009924,12.958
recordings/windows/2s/lazy_mixed_v16/window_0008.wav,lazy_mixed_v16.wav,mixed,accept_when_target_speaking,2,16.000,18.000,0.050853,12.757
recordings/windows/2s/lazy_mixed_v16/window_0009.wav,lazy_mixed_v16.wav,mixed,accept_when_target_speaking,2,18.000,20.000,-0.007410,12.856
recordings/windows/2s/lazy_mixed_v16/window_0010.wav,lazy_mixed_v16.wav,mixed,accept_when_target_speaking,2,20.000,22.000,0.284740,12.828
recordings/windows/2s/lazy_mixed_v16/window_0011.wav,lazy_mixed_v16.wav,mixed,accept_when_target_speaking,2,22.000,24.000,0.093313,12.780
recordings/windows/2s/lazy_mixed_v16/window_0012.wav,lazy_mixed_v16.wav,mixed,accept_when_target_speaking,2,24.000,26.000,0.183117,12.870
recordings/windows/2s/lazy_mixed_v16/window_0013.wav,lazy_mixed_v16.wav,mixed,accept_when_target_speaking,2,26.000,28.000,0.045006,12.843
recordings/windows/2s/lazy_mixed_v16/window_0014.wav,lazy_mixed_v16.wav,mixed,accept_when_target_speaking,2,28.000,30.000,0.181709,12.720
recordings/windows/2s/lazy_mixed_v16/window_0015.wav,lazy_mixed_v16.wav,mixed,accept_when_target_speaking,2,30.000,32.000,0.264258,12.747
recordings/windows/2s/lazy_mixed_v16/window_0016.wav,lazy_mixed_v16.wav,mixed,accept_when_target_speaking,2,32.000,34.000,0.176256,12.828
recordings/windows/2s/lazy_mixed_v16/window_0017.wav,lazy_mixed_v16.wav,mixed,accept_when_target_speaking,2,34.000,36.000,0.239715,12.868
recordings/windows/2s/lazy_mixed_v16/window_0018.wav,lazy_mixed_v16.wav,mixed,accept_when_target_speaking,2,36.000,38.000,0.069440,12.756
recordings/windows/2s/lazy_mixed_v16/window_0019.wav,lazy_mixed_v16.wav,mixed,accept_when_target_speaking,2,38.000,40.000,0.141978,12.717
recordings/windows/2s/lazy_mixed_v16/window_0020.wav,lazy_mixed_v16.wav,mixed,accept_when_target_speaking,2,40.000,42.000,0.087104,12.828
recordings/windows/2s/lazy_mixed_v16/window_0021.wav,lazy_mixed_v16.wav,mixed,accept_when_target_speaking,2,42.000,44.000,0.242606,12.727
recordings/windows/2s/lazy_mixed_v16/window_0022.wav,lazy_mixed_v16.wav,mixed,accept_when_target_speaking,2,44.000,46.000,-0.005596,12.977
recordings/windows/1s/lazy_music_only_v05/window_0000.wav,lazy_music_only_v05.wav,music_only,reject,1,0.000,1.000,0.061650,9.458
recordings/windows/1s/lazy_music_only_v05/window_0001.wav,lazy_music_only_v05.wav,music_only,reject,1,1.000,2.000,0.174530,9.436
recordings/windows/1s/lazy_music_only_v05/window_0002.wav,lazy_music_only_v05.wav,music_only,reject,1,2.000,3.000,0.048713,9.581
recordings/windows/1s/lazy_music_only_v05/window_0003.wav,lazy_music_only_v05.wav,music_only,reject,1,3.000,4.000,0.011828,10.427
recordings/windows/1s/lazy_music_only_v05/window_0004.wav,lazy_music_only_v05.wav,music_only,reject,1,4.000,5.000,-0.008089,9.622
recordings/windows/1s/lazy_music_only_v05/window_0005.wav,lazy_music_only_v05.wav,music_only,reject,1,5.000,6.000,0.030400,9.501
recordings/windows/1s/lazy_music_only_v05/window_0006.wav,lazy_music_only_v05.wav,music_only,reject,1,6.000,7.000,0.023730,9.522
recordings/windows/1s/lazy_music_only_v05/window_0007.wav,lazy_music_only_v05.wav,music_only,reject,1,7.000,8.000,-0.007697,9.606
recordings/windows/1s/lazy_music_only_v05/window_0008.wav,lazy_music_only_v05.wav,music_only,reject,1,8.000,9.000,0.047083,10.587
recordings/windows/1s/lazy_music_only_v05/window_0009.wav,lazy_music_only_v05.wav,music_only,reject,1,9.000,10.000,0.080016,10.963
recordings/windows/1s/lazy_music_only_v05/window_0010.wav,lazy_music_only_v05.wav,music_only,reject,1,10.000,11.000,0.084051,9.637
recordings/windows/1s/lazy_music_only_v05/window_0011.wav,lazy_music_only_v05.wav,music_only,reject,1,11.000,12.000,0.030491,9.552
recordings/windows/1s/lazy_music_only_v05/window_0012.wav,lazy_music_only_v05.wav,music_only,reject,1,12.000,13.000,0.062668,9.459
recordings/windows/1s/lazy_music_only_v05/window_0013.wav,lazy_music_only_v05.wav,music_only,reject,1,13.000,14.000,0.047933,9.473
recordings/windows/1s/lazy_music_only_v05/window_0014.wav,lazy_music_only_v05.wav,music_only,reject,1,14.000,15.000,-0.069317,9.413
recordings/windows/1s/lazy_music_only_v05/window_0015.wav,lazy_music_only_v05.wav,music_only,reject,1,15.000,16.000,0.041653,9.349
recordings/windows/1s/lazy_music_only_v05/window_0016.wav,lazy_music_only_v05.wav,music_only,reject,1,16.000,17.000,-0.047112,9.452
recordings/windows/1s/lazy_music_only_v05/window_0017.wav,lazy_music_only_v05.wav,music_only,reject,1,17.000,18.000,0.035379,9.298
recordings/windows/1s/lazy_music_only_v05/window_0018.wav,lazy_music_only_v05.wav,music_only,reject,1,18.000,19.000,-0.035980,9.268
recordings/windows/1s/lazy_music_only_v05/window_0019.wav,lazy_music_only_v05.wav,music_only,reject,1,19.000,20.000,-0.094995,9.274
recordings/windows/1s/lazy_music_only_v05/window_0020.wav,lazy_music_only_v05.wav,music_only,reject,1,20.000,21.000,0.001305,9.276
recordings/windows/1s/lazy_music_only_v05/window_0021.wav,lazy_music_only_v05.wav,music_only,reject,1,21.000,22.000,-0.053032,9.396
recordings/windows/1s/lazy_music_only_v05/window_0022.wav,lazy_music_only_v05.wav,music_only,reject,1,22.000,23.000,-0.064494,9.300
recordings/windows/1s/lazy_music_only_v05/window_0023.wav,lazy_music_only_v05.wav,music_only,reject,1,23.000,24.000,0.037442,9.352
recordings/windows/1s/lazy_music_only_v05/window_0024.wav,lazy_music_only_v05.wav,music_only,reject,1,24.000,25.000,0.004625,9.331
recordings/windows/1s/lazy_music_only_v05/window_0025.wav,lazy_music_only_v05.wav,music_only,reject,1,25.000,26.000,0.055749,9.396
recordings/windows/1s/lazy_music_only_v05/window_0026.wav,lazy_music_only_v05.wav,music_only,reject,1,26.000,27.000,-0.028092,9.275
recordings/windows/1s/lazy_music_only_v05/window_0027.wav,lazy_music_only_v05.wav,music_only,reject,1,27.000,28.000,-0.102657,9.353
recordings/windows/1s/lazy_music_only_v05/window_0028.wav,lazy_music_only_v05.wav,music_only,reject,1,28.000,29.000,-0.059190,9.269
recordings/windows/1s/lazy_music_only_v05/window_0029.wav,lazy_music_only_v05.wav,music_only,reject,1,29.000,30.000,-0.028648,9.278
recordings/windows/1s/lazy_music_only_v05/window_0030.wav,lazy_music_only_v05.wav,music_only,reject,1,30.000,31.000,0.023320,9.408
recordings/windows/1s/lazy_music_only_v05/window_0031.wav,lazy_music_only_v05.wav,music_only,reject,1,31.000,32.000,-0.094728,9.239
recordings/windows/1s/lazy_music_only_v05/window_0032.wav,lazy_music_only_v05.wav,music_only,reject,1,32.000,33.000,-0.026671,9.275
recordings/windows/1s/lazy_music_only_v05/window_0033.wav,lazy_music_only_v05.wav,music_only,reject,1,33.000,34.000,0.118979,9.343
recordings/windows/1s/lazy_music_only_v05/window_0034.wav,lazy_music_only_v05.wav,music_only,reject,1,34.000,35.000,0.065741,9.657
recordings/windows/1s/lazy_music_only_v05/window_0035.wav,lazy_music_only_v05.wav,music_only,reject,1,35.000,36.000,0.151542,14.819
recordings/windows/1s/lazy_music_only_v05/window_0036.wav,lazy_music_only_v05.wav,music_only,reject,1,36.000,37.000,-0.010364,16.342
recordings/windows/1s/lazy_music_only_v05/window_0037.wav,lazy_music_only_v05.wav,music_only,reject,1,37.000,38.000,0.037787,15.054
recordings/windows/1s/lazy_music_only_v05/window_0038.wav,lazy_music_only_v05.wav,music_only,reject,1,38.000,39.000,0.134623,11.362
recordings/windows/1s/lazy_music_only_v05/window_0039.wav,lazy_music_only_v05.wav,music_only,reject,1,39.000,40.000,0.030379,10.147
recordings/windows/1s/lazy_music_only_v05/window_0040.wav,lazy_music_only_v05.wav,music_only,reject,1,40.000,41.000,0.025286,9.761
recordings/windows/1s/lazy_music_only_v05/window_0041.wav,lazy_music_only_v05.wav,music_only,reject,1,41.000,42.000,-0.027368,9.883
recordings/windows/1s/lazy_music_only_v05/window_0042.wav,lazy_music_only_v05.wav,music_only,reject,1,42.000,43.000,0.029242,9.968
recordings/windows/1s/lazy_music_only_v05/window_0043.wav,lazy_music_only_v05.wav,music_only,reject,1,43.000,44.000,0.044032,9.673
recordings/windows/1p5s/lazy_music_only_v05/window_0000.wav,lazy_music_only_v05.wav,music_only,reject,1.5,0.000,1.500,0.136441,12.213
recordings/windows/1p5s/lazy_music_only_v05/window_0001.wav,lazy_music_only_v05.wav,music_only,reject,1.5,1.500,3.000,0.023306,11.518
recordings/windows/1p5s/lazy_music_only_v05/window_0002.wav,lazy_music_only_v05.wav,music_only,reject,1.5,3.000,4.500,0.060063,11.486
recordings/windows/1p5s/lazy_music_only_v05/window_0003.wav,lazy_music_only_v05.wav,music_only,reject,1.5,4.500,6.000,0.016288,11.172
recordings/windows/1p5s/lazy_music_only_v05/window_0004.wav,lazy_music_only_v05.wav,music_only,reject,1.5,6.000,7.500,0.033767,11.192
recordings/windows/1p5s/lazy_music_only_v05/window_0005.wav,lazy_music_only_v05.wav,music_only,reject,1.5,7.500,9.000,-0.000066,11.694
recordings/windows/1p5s/lazy_music_only_v05/window_0006.wav,lazy_music_only_v05.wav,music_only,reject,1.5,9.000,10.500,0.055653,11.796
recordings/windows/1p5s/lazy_music_only_v05/window_0007.wav,lazy_music_only_v05.wav,music_only,reject,1.5,10.500,12.000,0.001600,11.766
recordings/windows/1p5s/lazy_music_only_v05/window_0008.wav,lazy_music_only_v05.wav,music_only,reject,1.5,12.000,13.500,0.085420,12.098
recordings/windows/1p5s/lazy_music_only_v05/window_0009.wav,lazy_music_only_v05.wav,music_only,reject,1.5,13.500,15.000,-0.066672,11.136
recordings/windows/1p5s/lazy_music_only_v05/window_0010.wav,lazy_music_only_v05.wav,music_only,reject,1.5,15.000,16.500,0.010446,11.571
recordings/windows/1p5s/lazy_music_only_v05/window_0011.wav,lazy_music_only_v05.wav,music_only,reject,1.5,16.500,18.000,0.017345,10.972
recordings/windows/1p5s/lazy_music_only_v05/window_0012.wav,lazy_music_only_v05.wav,music_only,reject,1.5,18.000,19.500,-0.041089,10.932
recordings/windows/1p5s/lazy_music_only_v05/window_0013.wav,lazy_music_only_v05.wav,music_only,reject,1.5,19.500,21.000,0.026354,11.096
recordings/windows/1p5s/lazy_music_only_v05/window_0014.wav,lazy_music_only_v05.wav,music_only,reject,1.5,21.000,22.500,-0.065319,10.935
recordings/windows/1p5s/lazy_music_only_v05/window_0015.wav,lazy_music_only_v05.wav,music_only,reject,1.5,22.500,24.000,-0.033567,10.993
recordings/windows/1p5s/lazy_music_only_v05/window_0016.wav,lazy_music_only_v05.wav,music_only,reject,1.5,24.000,25.500,0.035634,10.865
recordings/windows/1p5s/lazy_music_only_v05/window_0017.wav,lazy_music_only_v05.wav,music_only,reject,1.5,25.500,27.000,-0.016207,10.794
recordings/windows/1p5s/lazy_music_only_v05/window_0018.wav,lazy_music_only_v05.wav,music_only,reject,1.5,27.000,28.500,-0.083321,11.366
recordings/windows/1p5s/lazy_music_only_v05/window_0019.wav,lazy_music_only_v05.wav,music_only,reject,1.5,28.500,30.000,0.024242,11.446
recordings/windows/1p5s/lazy_music_only_v05/window_0020.wav,lazy_music_only_v05.wav,music_only,reject,1.5,30.000,31.500,0.022685,10.994
recordings/windows/1p5s/lazy_music_only_v05/window_0021.wav,lazy_music_only_v05.wav,music_only,reject,1.5,31.500,33.000,-0.057084,10.808
recordings/windows/1p5s/lazy_music_only_v05/window_0022.wav,lazy_music_only_v05.wav,music_only,reject,1.5,33.000,34.500,0.044297,10.915
recordings/windows/1p5s/lazy_music_only_v05/window_0023.wav,lazy_music_only_v05.wav,music_only,reject,1.5,34.500,36.000,0.130120,11.014
recordings/windows/1p5s/lazy_music_only_v05/window_0024.wav,lazy_music_only_v05.wav,music_only,reject,1.5,36.000,37.500,-0.060793,10.872
recordings/windows/1p5s/lazy_music_only_v05/window_0025.wav,lazy_music_only_v05.wav,music_only,reject,1.5,37.500,39.000,0.138974,10.938
recordings/windows/1p5s/lazy_music_only_v05/window_0026.wav,lazy_music_only_v05.wav,music_only,reject,1.5,39.000,40.500,-0.007229,10.964
recordings/windows/1p5s/lazy_music_only_v05/window_0027.wav,lazy_music_only_v05.wav,music_only,reject,1.5,40.500,42.000,0.009991,10.868
recordings/windows/1p5s/lazy_music_only_v05/window_0028.wav,lazy_music_only_v05.wav,music_only,reject,1.5,42.000,43.500,0.067480,11.041
recordings/windows/2s/lazy_music_only_v05/window_0000.wav,lazy_music_only_v05.wav,music_only,reject,2,0.000,2.000,0.141995,13.095
recordings/windows/2s/lazy_music_only_v05/window_0001.wav,lazy_music_only_v05.wav,music_only,reject,2,2.000,4.000,0.052228,12.848
recordings/windows/2s/lazy_music_only_v05/window_0002.wav,lazy_music_only_v05.wav,music_only,reject,2,4.000,6.000,-0.005328,12.869
recordings/windows/2s/lazy_music_only_v05/window_0003.wav,lazy_music_only_v05.wav,music_only,reject,2,6.000,8.000,-0.020627,12.829
recordings/windows/2s/lazy_music_only_v05/window_0004.wav,lazy_music_only_v05.wav,music_only,reject,2,8.000,10.000,0.089648,12.924
recordings/windows/2s/lazy_music_only_v05/window_0005.wav,lazy_music_only_v05.wav,music_only,reject,2,10.000,12.000,0.023951,12.730
recordings/windows/2s/lazy_music_only_v05/window_0006.wav,lazy_music_only_v05.wav,music_only,reject,2,12.000,14.000,0.070407,12.826
recordings/windows/2s/lazy_music_only_v05/window_0007.wav,lazy_music_only_v05.wav,music_only,reject,2,14.000,16.000,0.001808,12.784
recordings/windows/2s/lazy_music_only_v05/window_0008.wav,lazy_music_only_v05.wav,music_only,reject,2,16.000,18.000,0.009690,12.787
recordings/windows/2s/lazy_music_only_v05/window_0009.wav,lazy_music_only_v05.wav,music_only,reject,2,18.000,20.000,-0.071825,12.839
recordings/windows/2s/lazy_music_only_v05/window_0010.wav,lazy_music_only_v05.wav,music_only,reject,2,20.000,22.000,-0.060876,12.807
recordings/windows/2s/lazy_music_only_v05/window_0011.wav,lazy_music_only_v05.wav,music_only,reject,2,22.000,24.000,-0.041976,12.782
recordings/windows/2s/lazy_music_only_v05/window_0012.wav,lazy_music_only_v05.wav,music_only,reject,2,24.000,26.000,0.060933,12.775
recordings/windows/2s/lazy_music_only_v05/window_0013.wav,lazy_music_only_v05.wav,music_only,reject,2,26.000,28.000,-0.033888,12.743
recordings/windows/2s/lazy_music_only_v05/window_0014.wav,lazy_music_only_v05.wav,music_only,reject,2,28.000,30.000,0.018768,12.803
recordings/windows/2s/lazy_music_only_v05/window_0015.wav,lazy_music_only_v05.wav,music_only,reject,2,30.000,32.000,0.029184,12.786
recordings/windows/2s/lazy_music_only_v05/window_0016.wav,lazy_music_only_v05.wav,music_only,reject,2,32.000,34.000,0.077040,12.955
recordings/windows/2s/lazy_music_only_v05/window_0017.wav,lazy_music_only_v05.wav,music_only,reject,2,34.000,36.000,0.095493,13.040
recordings/windows/2s/lazy_music_only_v05/window_0018.wav,lazy_music_only_v05.wav,music_only,reject,2,36.000,38.000,-0.033827,12.705
recordings/windows/2s/lazy_music_only_v05/window_0019.wav,lazy_music_only_v05.wav,music_only,reject,2,38.000,40.000,0.113333,12.838
recordings/windows/2s/lazy_music_only_v05/window_0020.wav,lazy_music_only_v05.wav,music_only,reject,2,40.000,42.000,-0.014306,12.925
recordings/windows/2s/lazy_music_only_v05/window_0021.wav,lazy_music_only_v05.wav,music_only,reject,2,42.000,44.000,0.072497,12.807
recordings/windows/1s/lazy_music_only_v10/window_0000.wav,lazy_music_only_v10.wav,music_only,reject,1,0.000,1.000,0.191599,9.425
recordings/windows/1s/lazy_music_only_v10/window_0001.wav,lazy_music_only_v10.wav,music_only,reject,1,1.000,2.000,0.039941,9.662
recordings/windows/1s/lazy_music_only_v10/window_0002.wav,lazy_music_only_v10.wav,music_only,reject,1,2.000,3.000,0.037121,9.515
recordings/windows/1s/lazy_music_only_v10/window_0003.wav,lazy_music_only_v10.wav,music_only,reject,1,3.000,4.000,0.063323,9.601
recordings/windows/1s/lazy_music_only_v10/window_0004.wav,lazy_music_only_v10.wav,music_only,reject,1,4.000,5.000,-0.009130,9.463
recordings/windows/1s/lazy_music_only_v10/window_0005.wav,lazy_music_only_v10.wav,music_only,reject,1,5.000,6.000,0.046142,9.539
recordings/windows/1s/lazy_music_only_v10/window_0006.wav,lazy_music_only_v10.wav,music_only,reject,1,6.000,7.000,0.025419,9.705
recordings/windows/1s/lazy_music_only_v10/window_0007.wav,lazy_music_only_v10.wav,music_only,reject,1,7.000,8.000,0.039842,11.298
recordings/windows/1s/lazy_music_only_v10/window_0008.wav,lazy_music_only_v10.wav,music_only,reject,1,8.000,9.000,0.030233,10.987
recordings/windows/1s/lazy_music_only_v10/window_0009.wav,lazy_music_only_v10.wav,music_only,reject,1,9.000,10.000,0.212382,10.335
recordings/windows/1s/lazy_music_only_v10/window_0010.wav,lazy_music_only_v10.wav,music_only,reject,1,10.000,11.000,-0.039978,9.627
recordings/windows/1s/lazy_music_only_v10/window_0011.wav,lazy_music_only_v10.wav,music_only,reject,1,11.000,12.000,0.095837,9.645
recordings/windows/1s/lazy_music_only_v10/window_0012.wav,lazy_music_only_v10.wav,music_only,reject,1,12.000,13.000,0.083822,9.694
recordings/windows/1s/lazy_music_only_v10/window_0013.wav,lazy_music_only_v10.wav,music_only,reject,1,13.000,14.000,0.006201,9.512
recordings/windows/1s/lazy_music_only_v10/window_0014.wav,lazy_music_only_v10.wav,music_only,reject,1,14.000,15.000,0.000233,9.639
recordings/windows/1s/lazy_music_only_v10/window_0015.wav,lazy_music_only_v10.wav,music_only,reject,1,15.000,16.000,-0.108847,9.545
recordings/windows/1s/lazy_music_only_v10/window_0016.wav,lazy_music_only_v10.wav,music_only,reject,1,16.000,17.000,0.054494,9.428
recordings/windows/1s/lazy_music_only_v10/window_0017.wav,lazy_music_only_v10.wav,music_only,reject,1,17.000,18.000,0.032513,9.447
recordings/windows/1s/lazy_music_only_v10/window_0018.wav,lazy_music_only_v10.wav,music_only,reject,1,18.000,19.000,-0.114004,9.305
recordings/windows/1s/lazy_music_only_v10/window_0019.wav,lazy_music_only_v10.wav,music_only,reject,1,19.000,20.000,-0.030118,9.358
recordings/windows/1s/lazy_music_only_v10/window_0020.wav,lazy_music_only_v10.wav,music_only,reject,1,20.000,21.000,-0.040916,9.300
recordings/windows/1s/lazy_music_only_v10/window_0021.wav,lazy_music_only_v10.wav,music_only,reject,1,21.000,22.000,-0.084083,9.277
recordings/windows/1s/lazy_music_only_v10/window_0022.wav,lazy_music_only_v10.wav,music_only,reject,1,22.000,23.000,0.032968,9.282
recordings/windows/1s/lazy_music_only_v10/window_0023.wav,lazy_music_only_v10.wav,music_only,reject,1,23.000,24.000,-0.014587,9.389
recordings/windows/1s/lazy_music_only_v10/window_0024.wav,lazy_music_only_v10.wav,music_only,reject,1,24.000,25.000,0.086035,9.357
recordings/windows/1s/lazy_music_only_v10/window_0025.wav,lazy_music_only_v10.wav,music_only,reject,1,25.000,26.000,-0.074539,9.374
recordings/windows/1s/lazy_music_only_v10/window_0026.wav,lazy_music_only_v10.wav,music_only,reject,1,26.000,27.000,-0.136124,9.302
recordings/windows/1s/lazy_music_only_v10/window_0027.wav,lazy_music_only_v10.wav,music_only,reject,1,27.000,28.000,-0.041549,9.304
recordings/windows/1s/lazy_music_only_v10/window_0028.wav,lazy_music_only_v10.wav,music_only,reject,1,28.000,29.000,-0.020072,9.338
recordings/windows/1s/lazy_music_only_v10/window_0029.wav,lazy_music_only_v10.wav,music_only,reject,1,29.000,30.000,0.045363,9.277
recordings/windows/1s/lazy_music_only_v10/window_0030.wav,lazy_music_only_v10.wav,music_only,reject,1,30.000,31.000,-0.058803,9.257
recordings/windows/1s/lazy_music_only_v10/window_0031.wav,lazy_music_only_v10.wav,music_only,reject,1,31.000,32.000,0.038287,9.268
recordings/windows/1s/lazy_music_only_v10/window_0032.wav,lazy_music_only_v10.wav,music_only,reject,1,32.000,33.000,0.112424,9.228
recordings/windows/1s/lazy_music_only_v10/window_0033.wav,lazy_music_only_v10.wav,music_only,reject,1,33.000,34.000,0.111071,9.302
recordings/windows/1s/lazy_music_only_v10/window_0034.wav,lazy_music_only_v10.wav,music_only,reject,1,34.000,35.000,0.213183,9.302
recordings/windows/1s/lazy_music_only_v10/window_0035.wav,lazy_music_only_v10.wav,music_only,reject,1,35.000,36.000,-0.016370,9.271
recordings/windows/1s/lazy_music_only_v10/window_0036.wav,lazy_music_only_v10.wav,music_only,reject,1,36.000,37.000,0.041156,9.274
recordings/windows/1s/lazy_music_only_v10/window_0037.wav,lazy_music_only_v10.wav,music_only,reject,1,37.000,38.000,0.133283,9.245
recordings/windows/1s/lazy_music_only_v10/window_0038.wav,lazy_music_only_v10.wav,music_only,reject,1,38.000,39.000,0.058989,9.261
recordings/windows/1s/lazy_music_only_v10/window_0039.wav,lazy_music_only_v10.wav,music_only,reject,1,39.000,40.000,0.066526,9.288
recordings/windows/1s/lazy_music_only_v10/window_0040.wav,lazy_music_only_v10.wav,music_only,reject,1,40.000,41.000,-0.003055,9.224
recordings/windows/1s/lazy_music_only_v10/window_0041.wav,lazy_music_only_v10.wav,music_only,reject,1,41.000,42.000,0.050341,9.253
recordings/windows/1s/lazy_music_only_v10/window_0042.wav,lazy_music_only_v10.wav,music_only,reject,1,42.000,43.000,0.005473,9.275
recordings/windows/1s/lazy_music_only_v10/window_0043.wav,lazy_music_only_v10.wav,music_only,reject,1,43.000,44.000,0.059081,9.291
recordings/windows/1s/lazy_music_only_v10/window_0044.wav,lazy_music_only_v10.wav,music_only,reject,1,44.000,45.000,-0.046702,9.291
recordings/windows/1s/lazy_music_only_v10/window_0045.wav,lazy_music_only_v10.wav,music_only,reject,1,45.000,46.000,0.014592,9.263
recordings/windows/1s/lazy_music_only_v10/window_0046.wav,lazy_music_only_v10.wav,music_only,reject,1,46.000,47.000,0.080464,9.311
recordings/windows/1s/lazy_music_only_v10/window_0047.wav,lazy_music_only_v10.wav,music_only,reject,1,47.000,48.000,0.023719,9.280
recordings/windows/1s/lazy_music_only_v10/window_0048.wav,lazy_music_only_v10.wav,music_only,reject,1,48.000,49.000,-0.026525,9.254
recordings/windows/1p5s/lazy_music_only_v10/window_0000.wav,lazy_music_only_v10.wav,music_only,reject,1.5,0.000,1.500,0.098128,10.629
recordings/windows/1p5s/lazy_music_only_v10/window_0001.wav,lazy_music_only_v10.wav,music_only,reject,1.5,1.500,3.000,0.031685,10.633
recordings/windows/1p5s/lazy_music_only_v10/window_0002.wav,lazy_music_only_v10.wav,music_only,reject,1.5,3.000,4.500,0.038372,10.650
recordings/windows/1p5s/lazy_music_only_v10/window_0003.wav,lazy_music_only_v10.wav,music_only,reject,1.5,4.500,6.000,0.065775,10.698
recordings/windows/1p5s/lazy_music_only_v10/window_0004.wav,lazy_music_only_v10.wav,music_only,reject,1.5,6.000,7.500,-0.015330,10.649
recordings/windows/1p5s/lazy_music_only_v10/window_0005.wav,lazy_music_only_v10.wav,music_only,reject,1.5,7.500,9.000,0.032872,10.656
recordings/windows/1p5s/lazy_music_only_v10/window_0006.wav,lazy_music_only_v10.wav,music_only,reject,1.5,9.000,10.500,0.104979,10.673
recordings/windows/1p5s/lazy_music_only_v10/window_0007.wav,lazy_music_only_v10.wav,music_only,reject,1.5,10.500,12.000,0.075737,10.668
recordings/windows/1p5s/lazy_music_only_v10/window_0008.wav,lazy_music_only_v10.wav,music_only,reject,1.5,12.000,13.500,0.062320,11.124
recordings/windows/1p5s/lazy_music_only_v10/window_0009.wav,lazy_music_only_v10.wav,music_only,reject,1.5,13.500,15.000,0.043383,10.800
recordings/windows/1p5s/lazy_music_only_v10/window_0010.wav,lazy_music_only_v10.wav,music_only,reject,1.5,15.000,16.500,-0.018965,10.926
recordings/windows/1p5s/lazy_music_only_v10/window_0011.wav,lazy_music_only_v10.wav,music_only,reject,1.5,16.500,18.000,0.053039,11.081
recordings/windows/1p5s/lazy_music_only_v10/window_0012.wav,lazy_music_only_v10.wav,music_only,reject,1.5,18.000,19.500,-0.086748,11.150
recordings/windows/1p5s/lazy_music_only_v10/window_0013.wav,lazy_music_only_v10.wav,music_only,reject,1.5,19.500,21.000,-0.032181,10.787
recordings/windows/1p5s/lazy_music_only_v10/window_0014.wav,lazy_music_only_v10.wav,music_only,reject,1.5,21.000,22.500,-0.067471,10.810
recordings/windows/1p5s/lazy_music_only_v10/window_0015.wav,lazy_music_only_v10.wav,music_only,reject,1.5,22.500,24.000,-0.010976,10.908
recordings/windows/1p5s/lazy_music_only_v10/window_0016.wav,lazy_music_only_v10.wav,music_only,reject,1.5,24.000,25.500,0.048183,10.877
recordings/windows/1p5s/lazy_music_only_v10/window_0017.wav,lazy_music_only_v10.wav,music_only,reject,1.5,25.500,27.000,-0.062419,10.990
recordings/windows/1p5s/lazy_music_only_v10/window_0018.wav,lazy_music_only_v10.wav,music_only,reject,1.5,27.000,28.500,-0.055000,10.805
recordings/windows/1p5s/lazy_music_only_v10/window_0019.wav,lazy_music_only_v10.wav,music_only,reject,1.5,28.500,30.000,0.094384,10.804
recordings/windows/1p5s/lazy_music_only_v10/window_0020.wav,lazy_music_only_v10.wav,music_only,reject,1.5,30.000,31.500,-0.051488,10.996
recordings/windows/1p5s/lazy_music_only_v10/window_0021.wav,lazy_music_only_v10.wav,music_only,reject,1.5,31.500,33.000,0.061141,10.879
recordings/windows/1p5s/lazy_music_only_v10/window_0022.wav,lazy_music_only_v10.wav,music_only,reject,1.5,33.000,34.500,0.131895,10.826
recordings/windows/1p5s/lazy_music_only_v10/window_0023.wav,lazy_music_only_v10.wav,music_only,reject,1.5,34.500,36.000,0.037940,10.910
recordings/windows/1p5s/lazy_music_only_v10/window_0024.wav,lazy_music_only_v10.wav,music_only,reject,1.5,36.000,37.500,0.094707,10.974
recordings/windows/1p5s/lazy_music_only_v10/window_0025.wav,lazy_music_only_v10.wav,music_only,reject,1.5,37.500,39.000,0.119044,10.972
recordings/windows/1p5s/lazy_music_only_v10/window_0026.wav,lazy_music_only_v10.wav,music_only,reject,1.5,39.000,40.500,0.072003,10.853
recordings/windows/1p5s/lazy_music_only_v10/window_0027.wav,lazy_music_only_v10.wav,music_only,reject,1.5,40.500,42.000,0.096143,10.839
recordings/windows/1p5s/lazy_music_only_v10/window_0028.wav,lazy_music_only_v10.wav,music_only,reject,1.5,42.000,43.500,0.008385,10.958
recordings/windows/1p5s/lazy_music_only_v10/window_0029.wav,lazy_music_only_v10.wav,music_only,reject,1.5,43.500,45.000,0.010896,10.983
recordings/windows/1p5s/lazy_music_only_v10/window_0030.wav,lazy_music_only_v10.wav,music_only,reject,1.5,45.000,46.500,0.065689,10.899
recordings/windows/1p5s/lazy_music_only_v10/window_0031.wav,lazy_music_only_v10.wav,music_only,reject,1.5,46.500,48.000,0.062574,10.884
recordings/windows/2s/lazy_music_only_v10/window_0000.wav,lazy_music_only_v10.wav,music_only,reject,2,0.000,2.000,0.079671,13.124
recordings/windows/2s/lazy_music_only_v10/window_0001.wav,lazy_music_only_v10.wav,music_only,reject,2,2.000,4.000,0.101047,12.935
recordings/windows/2s/lazy_music_only_v10/window_0002.wav,lazy_music_only_v10.wav,music_only,reject,2,4.000,6.000,0.080002,13.002
recordings/windows/2s/lazy_music_only_v10/window_0003.wav,lazy_music_only_v10.wav,music_only,reject,2,6.000,8.000,0.013739,12.946
recordings/windows/2s/lazy_music_only_v10/window_0004.wav,lazy_music_only_v10.wav,music_only,reject,2,8.000,10.000,0.102392,12.838
recordings/windows/2s/lazy_music_only_v10/window_0005.wav,lazy_music_only_v10.wav,music_only,reject,2,10.000,12.000,0.032118,13.110
recordings/windows/2s/lazy_music_only_v10/window_0006.wav,lazy_music_only_v10.wav,music_only,reject,2,12.000,14.000,0.072809,12.876
recordings/windows/2s/lazy_music_only_v10/window_0007.wav,lazy_music_only_v10.wav,music_only,reject,2,14.000,16.000,-0.034714,12.911
recordings/windows/2s/lazy_music_only_v10/window_0008.wav,lazy_music_only_v10.wav,music_only,reject,2,16.000,18.000,0.050819,12.920
recordings/windows/2s/lazy_music_only_v10/window_0009.wav,lazy_music_only_v10.wav,music_only,reject,2,18.000,20.000,-0.097282,12.780
recordings/windows/2s/lazy_music_only_v10/window_0010.wav,lazy_music_only_v10.wav,music_only,reject,2,20.000,22.000,-0.103731,12.780
recordings/windows/2s/lazy_music_only_v10/window_0011.wav,lazy_music_only_v10.wav,music_only,reject,2,22.000,24.000,0.006630,12.800
recordings/windows/2s/lazy_music_only_v10/window_0012.wav,lazy_music_only_v10.wav,music_only,reject,2,24.000,26.000,0.010604,12.847
recordings/windows/2s/lazy_music_only_v10/window_0013.wav,lazy_music_only_v10.wav,music_only,reject,2,26.000,28.000,-0.068940,12.849
recordings/windows/2s/lazy_music_only_v10/window_0014.wav,lazy_music_only_v10.wav,music_only,reject,2,28.000,30.000,0.058088,12.868
recordings/windows/2s/lazy_music_only_v10/window_0015.wav,lazy_music_only_v10.wav,music_only,reject,2,30.000,32.000,-0.096004,12.758
recordings/windows/2s/lazy_music_only_v10/window_0016.wav,lazy_music_only_v10.wav,music_only,reject,2,32.000,34.000,0.092784,12.933
recordings/windows/2s/lazy_music_only_v10/window_0017.wav,lazy_music_only_v10.wav,music_only,reject,2,34.000,36.000,0.133516,12.875
recordings/windows/2s/lazy_music_only_v10/window_0018.wav,lazy_music_only_v10.wav,music_only,reject,2,36.000,38.000,0.111197,12.945
recordings/windows/2s/lazy_music_only_v10/window_0019.wav,lazy_music_only_v10.wav,music_only,reject,2,38.000,40.000,0.055612,12.637
recordings/windows/2s/lazy_music_only_v10/window_0020.wav,lazy_music_only_v10.wav,music_only,reject,2,40.000,42.000,0.061582,12.826
recordings/windows/2s/lazy_music_only_v10/window_0021.wav,lazy_music_only_v10.wav,music_only,reject,2,42.000,44.000,0.092690,12.873
recordings/windows/2s/lazy_music_only_v10/window_0022.wav,lazy_music_only_v10.wav,music_only,reject,2,44.000,46.000,0.023728,12.799
recordings/windows/2s/lazy_music_only_v10/window_0023.wav,lazy_music_only_v10.wav,music_only,reject,2,46.000,48.000,0.076028,12.836
recordings/windows/1s/lazy_music_only_v16/window_0000.wav,lazy_music_only_v16.wav,music_only,reject,1,0.000,1.000,0.097050,9.544
recordings/windows/1s/lazy_music_only_v16/window_0001.wav,lazy_music_only_v16.wav,music_only,reject,1,1.000,2.000,-0.015388,9.513
recordings/windows/1s/lazy_music_only_v16/window_0002.wav,lazy_music_only_v16.wav,music_only,reject,1,2.000,3.000,0.084746,9.601
recordings/windows/1s/lazy_music_only_v16/window_0003.wav,lazy_music_only_v16.wav,music_only,reject,1,3.000,4.000,0.129339,10.214
recordings/windows/1s/lazy_music_only_v16/window_0004.wav,lazy_music_only_v16.wav,music_only,reject,1,4.000,5.000,0.024755,9.548
recordings/windows/1s/lazy_music_only_v16/window_0005.wav,lazy_music_only_v16.wav,music_only,reject,1,5.000,6.000,-0.042293,9.695
recordings/windows/1s/lazy_music_only_v16/window_0006.wav,lazy_music_only_v16.wav,music_only,reject,1,6.000,7.000,-0.021779,9.483
recordings/windows/1s/lazy_music_only_v16/window_0007.wav,lazy_music_only_v16.wav,music_only,reject,1,7.000,8.000,0.084681,9.763
recordings/windows/1s/lazy_music_only_v16/window_0008.wav,lazy_music_only_v16.wav,music_only,reject,1,8.000,9.000,0.088260,9.581
recordings/windows/1s/lazy_music_only_v16/window_0009.wav,lazy_music_only_v16.wav,music_only,reject,1,9.000,10.000,0.086633,9.703
recordings/windows/1s/lazy_music_only_v16/window_0010.wav,lazy_music_only_v16.wav,music_only,reject,1,10.000,11.000,0.029195,9.710
recordings/windows/1s/lazy_music_only_v16/window_0011.wav,lazy_music_only_v16.wav,music_only,reject,1,11.000,12.000,0.058826,9.542
recordings/windows/1s/lazy_music_only_v16/window_0012.wav,lazy_music_only_v16.wav,music_only,reject,1,12.000,13.000,-0.018767,9.475
recordings/windows/1s/lazy_music_only_v16/window_0013.wav,lazy_music_only_v16.wav,music_only,reject,1,13.000,14.000,0.089132,10.451
recordings/windows/1s/lazy_music_only_v16/window_0014.wav,lazy_music_only_v16.wav,music_only,reject,1,14.000,15.000,-0.012869,11.079
recordings/windows/1s/lazy_music_only_v16/window_0015.wav,lazy_music_only_v16.wav,music_only,reject,1,15.000,16.000,0.014943,10.344
recordings/windows/1s/lazy_music_only_v16/window_0016.wav,lazy_music_only_v16.wav,music_only,reject,1,16.000,17.000,-0.014105,9.362
recordings/windows/1s/lazy_music_only_v16/window_0017.wav,lazy_music_only_v16.wav,music_only,reject,1,17.000,18.000,0.027459,9.344
recordings/windows/1s/lazy_music_only_v16/window_0018.wav,lazy_music_only_v16.wav,music_only,reject,1,18.000,19.000,-0.051468,9.290
recordings/windows/1s/lazy_music_only_v16/window_0019.wav,lazy_music_only_v16.wav,music_only,reject,1,19.000,20.000,0.017078,9.269
recordings/windows/1s/lazy_music_only_v16/window_0020.wav,lazy_music_only_v16.wav,music_only,reject,1,20.000,21.000,-0.052991,9.260
recordings/windows/1s/lazy_music_only_v16/window_0021.wav,lazy_music_only_v16.wav,music_only,reject,1,21.000,22.000,-0.010733,9.261
recordings/windows/1s/lazy_music_only_v16/window_0022.wav,lazy_music_only_v16.wav,music_only,reject,1,22.000,23.000,-0.020951,9.260
recordings/windows/1s/lazy_music_only_v16/window_0023.wav,lazy_music_only_v16.wav,music_only,reject,1,23.000,24.000,-0.062198,9.248
recordings/windows/1s/lazy_music_only_v16/window_0024.wav,lazy_music_only_v16.wav,music_only,reject,1,24.000,25.000,0.025266,9.276
recordings/windows/1s/lazy_music_only_v16/window_0025.wav,lazy_music_only_v16.wav,music_only,reject,1,25.000,26.000,0.018018,9.212
recordings/windows/1s/lazy_music_only_v16/window_0026.wav,lazy_music_only_v16.wav,music_only,reject,1,26.000,27.000,0.075785,9.277
recordings/windows/1s/lazy_music_only_v16/window_0027.wav,lazy_music_only_v16.wav,music_only,reject,1,27.000,28.000,-0.046922,9.289
recordings/windows/1s/lazy_music_only_v16/window_0028.wav,lazy_music_only_v16.wav,music_only,reject,1,28.000,29.000,0.040264,9.391
recordings/windows/1s/lazy_music_only_v16/window_0029.wav,lazy_music_only_v16.wav,music_only,reject,1,29.000,30.000,-0.046856,9.320
recordings/windows/1s/lazy_music_only_v16/window_0030.wav,lazy_music_only_v16.wav,music_only,reject,1,30.000,31.000,0.010578,9.235
recordings/windows/1s/lazy_music_only_v16/window_0031.wav,lazy_music_only_v16.wav,music_only,reject,1,31.000,32.000,0.015646,9.287
recordings/windows/1s/lazy_music_only_v16/window_0032.wav,lazy_music_only_v16.wav,music_only,reject,1,32.000,33.000,-0.022495,9.275
recordings/windows/1s/lazy_music_only_v16/window_0033.wav,lazy_music_only_v16.wav,music_only,reject,1,33.000,34.000,0.151685,9.171
recordings/windows/1s/lazy_music_only_v16/window_0034.wav,lazy_music_only_v16.wav,music_only,reject,1,34.000,35.000,0.144745,9.277
recordings/windows/1s/lazy_music_only_v16/window_0035.wav,lazy_music_only_v16.wav,music_only,reject,1,35.000,36.000,-0.007743,9.243
recordings/windows/1s/lazy_music_only_v16/window_0036.wav,lazy_music_only_v16.wav,music_only,reject,1,36.000,37.000,0.110340,9.245
recordings/windows/1s/lazy_music_only_v16/window_0037.wav,lazy_music_only_v16.wav,music_only,reject,1,37.000,38.000,0.044597,9.271
recordings/windows/1s/lazy_music_only_v16/window_0038.wav,lazy_music_only_v16.wav,music_only,reject,1,38.000,39.000,0.077492,9.227
recordings/windows/1s/lazy_music_only_v16/window_0039.wav,lazy_music_only_v16.wav,music_only,reject,1,39.000,40.000,0.028214,9.236
recordings/windows/1s/lazy_music_only_v16/window_0040.wav,lazy_music_only_v16.wav,music_only,reject,1,40.000,41.000,0.030689,9.311
recordings/windows/1s/lazy_music_only_v16/window_0041.wav,lazy_music_only_v16.wav,music_only,reject,1,41.000,42.000,0.098895,9.255
recordings/windows/1s/lazy_music_only_v16/window_0042.wav,lazy_music_only_v16.wav,music_only,reject,1,42.000,43.000,-0.027228,9.260
recordings/windows/1s/lazy_music_only_v16/window_0043.wav,lazy_music_only_v16.wav,music_only,reject,1,43.000,44.000,-0.005633,9.262
recordings/windows/1p5s/lazy_music_only_v16/window_0000.wav,lazy_music_only_v16.wav,music_only,reject,1.5,0.000,1.500,0.045063,10.651
recordings/windows/1p5s/lazy_music_only_v16/window_0001.wav,lazy_music_only_v16.wav,music_only,reject,1.5,1.500,3.000,0.018454,10.632
recordings/windows/1p5s/lazy_music_only_v16/window_0002.wav,lazy_music_only_v16.wav,music_only,reject,1.5,3.000,4.500,0.114541,10.586
recordings/windows/1p5s/lazy_music_only_v16/window_0003.wav,lazy_music_only_v16.wav,music_only,reject,1.5,4.500,6.000,-0.001243,10.595
recordings/windows/1p5s/lazy_music_only_v16/window_0004.wav,lazy_music_only_v16.wav,music_only,reject,1.5,6.000,7.500,-0.042182,10.591
recordings/windows/1p5s/lazy_music_only_v16/window_0005.wav,lazy_music_only_v16.wav,music_only,reject,1.5,7.500,9.000,-0.029831,10.648
recordings/windows/1p5s/lazy_music_only_v16/window_0006.wav,lazy_music_only_v16.wav,music_only,reject,1.5,9.000,10.500,-0.051536,10.621
recordings/windows/1p5s/lazy_music_only_v16/window_0007.wav,lazy_music_only_v16.wav,music_only,reject,1.5,10.500,12.000,0.059678,10.597
recordings/windows/1p5s/lazy_music_only_v16/window_0008.wav,lazy_music_only_v16.wav,music_only,reject,1.5,12.000,13.500,-0.036604,11.130
recordings/windows/1p5s/lazy_music_only_v16/window_0009.wav,lazy_music_only_v16.wav,music_only,reject,1.5,13.500,15.000,-0.011973,10.808
recordings/windows/1p5s/lazy_music_only_v16/window_0010.wav,lazy_music_only_v16.wav,music_only,reject,1.5,15.000,16.500,0.024205,10.855
recordings/windows/1p5s/lazy_music_only_v16/window_0011.wav,lazy_music_only_v16.wav,music_only,reject,1.5,16.500,18.000,-0.036711,10.909
recordings/windows/1p5s/lazy_music_only_v16/window_0012.wav,lazy_music_only_v16.wav,music_only,reject,1.5,18.000,19.500,-0.063825,10.873
recordings/windows/1p5s/lazy_music_only_v16/window_0013.wav,lazy_music_only_v16.wav,music_only,reject,1.5,19.500,21.000,-0.005938,11.016
recordings/windows/1p5s/lazy_music_only_v16/window_0014.wav,lazy_music_only_v16.wav,music_only,reject,1.5,21.000,22.500,-0.044340,10.834
recordings/windows/1p5s/lazy_music_only_v16/window_0015.wav,lazy_music_only_v16.wav,music_only,reject,1.5,22.500,24.000,-0.023237,10.947
recordings/windows/1p5s/lazy_music_only_v16/window_0016.wav,lazy_music_only_v16.wav,music_only,reject,1.5,24.000,25.500,0.025092,10.887
recordings/windows/1p5s/lazy_music_only_v16/window_0017.wav,lazy_music_only_v16.wav,music_only,reject,1.5,25.500,27.000,-0.017666,10.768
recordings/windows/1p5s/lazy_music_only_v16/window_0018.wav,lazy_music_only_v16.wav,music_only,reject,1.5,27.000,28.500,0.057975,10.924
recordings/windows/1p5s/lazy_music_only_v16/window_0019.wav,lazy_music_only_v16.wav,music_only,reject,1.5,28.500,30.000,-0.033627,10.728
recordings/windows/1p5s/lazy_music_only_v16/window_0020.wav,lazy_music_only_v16.wav,music_only,reject,1.5,30.000,31.500,-0.054677,10.829
recordings/windows/1p5s/lazy_music_only_v16/window_0021.wav,lazy_music_only_v16.wav,music_only,reject,1.5,31.500,33.000,0.024423,11.013
recordings/windows/1p5s/lazy_music_only_v16/window_0022.wav,lazy_music_only_v16.wav,music_only,reject,1.5,33.000,34.500,0.083101,10.790
recordings/windows/1p5s/lazy_music_only_v16/window_0023.wav,lazy_music_only_v16.wav,music_only,reject,1.5,34.500,36.000,0.038607,10.954
recordings/windows/1p5s/lazy_music_only_v16/window_0024.wav,lazy_music_only_v16.wav,music_only,reject,1.5,36.000,37.500,0.100301,10.723
recordings/windows/1p5s/lazy_music_only_v16/window_0025.wav,lazy_music_only_v16.wav,music_only,reject,1.5,37.500,39.000,0.059205,10.835
recordings/windows/1p5s/lazy_music_only_v16/window_0026.wav,lazy_music_only_v16.wav,music_only,reject,1.5,39.000,40.500,0.027431,10.972
recordings/windows/1p5s/lazy_music_only_v16/window_0027.wav,lazy_music_only_v16.wav,music_only,reject,1.5,40.500,42.000,0.102725,10.810
recordings/windows/1p5s/lazy_music_only_v16/window_0028.wav,lazy_music_only_v16.wav,music_only,reject,1.5,42.000,43.500,0.022327,10.776
recordings/windows/2s/lazy_music_only_v16/window_0000.wav,lazy_music_only_v16.wav,music_only,reject,2,0.000,2.000,0.018499,12.881
recordings/windows/2s/lazy_music_only_v16/window_0001.wav,lazy_music_only_v16.wav,music_only,reject,2,2.000,4.000,0.100730,13.001
recordings/windows/2s/lazy_music_only_v16/window_0002.wav,lazy_music_only_v16.wav,music_only,reject,2,4.000,6.000,0.054801,12.818
recordings/windows/2s/lazy_music_only_v16/window_0003.wav,lazy_music_only_v16.wav,music_only,reject,2,6.000,8.000,-0.027038,12.905
recordings/windows/2s/lazy_music_only_v16/window_0004.wav,lazy_music_only_v16.wav,music_only,reject,2,8.000,10.000,0.116422,12.858
recordings/windows/2s/lazy_music_only_v16/window_0005.wav,lazy_music_only_v16.wav,music_only,reject,2,10.000,12.000,0.050173,12.885
recordings/windows/2s/lazy_music_only_v16/window_0006.wav,lazy_music_only_v16.wav,music_only,reject,2,12.000,14.000,-0.015909,12.818
recordings/windows/2s/lazy_music_only_v16/window_0007.wav,lazy_music_only_v16.wav,music_only,reject,2,14.000,16.000,-0.028487,12.835
recordings/windows/2s/lazy_music_only_v16/window_0008.wav,lazy_music_only_v16.wav,music_only,reject,2,16.000,18.000,0.004460,12.831
recordings/windows/2s/lazy_music_only_v16/window_0009.wav,lazy_music_only_v16.wav,music_only,reject,2,18.000,20.000,-0.058243,12.792
recordings/windows/2s/lazy_music_only_v16/window_0010.wav,lazy_music_only_v16.wav,music_only,reject,2,20.000,22.000,-0.023691,12.899
recordings/windows/2s/lazy_music_only_v16/window_0011.wav,lazy_music_only_v16.wav,music_only,reject,2,22.000,24.000,-0.012763,12.942
recordings/windows/2s/lazy_music_only_v16/window_0012.wav,lazy_music_only_v16.wav,music_only,reject,2,24.000,26.000,0.046123,12.785
recordings/windows/2s/lazy_music_only_v16/window_0013.wav,lazy_music_only_v16.wav,music_only,reject,2,26.000,28.000,-0.018992,12.804
recordings/windows/2s/lazy_music_only_v16/window_0014.wav,lazy_music_only_v16.wav,music_only,reject,2,28.000,30.000,0.023525,12.915
recordings/windows/2s/lazy_music_only_v16/window_0015.wav,lazy_music_only_v16.wav,music_only,reject,2,30.000,32.000,-0.061450,12.738
recordings/windows/2s/lazy_music_only_v16/window_0016.wav,lazy_music_only_v16.wav,music_only,reject,2,32.000,34.000,0.057009,12.813
recordings/windows/2s/lazy_music_only_v16/window_0017.wav,lazy_music_only_v16.wav,music_only,reject,2,34.000,36.000,0.072335,12.744
recordings/windows/2s/lazy_music_only_v16/window_0018.wav,lazy_music_only_v16.wav,music_only,reject,2,36.000,38.000,0.092082,12.802
recordings/windows/2s/lazy_music_only_v16/window_0019.wav,lazy_music_only_v16.wav,music_only,reject,2,38.000,40.000,0.078883,12.785
recordings/windows/2s/lazy_music_only_v16/window_0020.wav,lazy_music_only_v16.wav,music_only,reject,2,40.000,42.000,0.096490,12.745
recordings/windows/2s/lazy_music_only_v16/window_0021.wav,lazy_music_only_v16.wav,music_only,reject,2,42.000,44.000,-0.027578,12.857
recordings/windows/1s/whiplash_mixed_v05/window_0000.wav,whiplash_mixed_v05.wav,mixed,accept_when_target_speaking,1,0.000,1.000,0.078750,9.523
recordings/windows/1s/whiplash_mixed_v05/window_0001.wav,whiplash_mixed_v05.wav,mixed,accept_when_target_speaking,1,1.000,2.000,0.412140,9.518
recordings/windows/1s/whiplash_mixed_v05/window_0002.wav,whiplash_mixed_v05.wav,mixed,accept_when_target_speaking,1,2.000,3.000,0.442882,9.390
recordings/windows/1s/whiplash_mixed_v05/window_0003.wav,whiplash_mixed_v05.wav,mixed,accept_when_target_speaking,1,3.000,4.000,0.555827,9.545
recordings/windows/1s/whiplash_mixed_v05/window_0004.wav,whiplash_mixed_v05.wav,mixed,accept_when_target_speaking,1,4.000,5.000,0.234094,9.498
recordings/windows/1s/whiplash_mixed_v05/window_0005.wav,whiplash_mixed_v05.wav,mixed,accept_when_target_speaking,1,5.000,6.000,0.406191,9.550
recordings/windows/1s/whiplash_mixed_v05/window_0006.wav,whiplash_mixed_v05.wav,mixed,accept_when_target_speaking,1,6.000,7.000,0.356897,9.393
recordings/windows/1s/whiplash_mixed_v05/window_0007.wav,whiplash_mixed_v05.wav,mixed,accept_when_target_speaking,1,7.000,8.000,0.269670,9.571
recordings/windows/1s/whiplash_mixed_v05/window_0008.wav,whiplash_mixed_v05.wav,mixed,accept_when_target_speaking,1,8.000,9.000,0.455544,10.228
recordings/windows/1s/whiplash_mixed_v05/window_0009.wav,whiplash_mixed_v05.wav,mixed,accept_when_target_speaking,1,9.000,10.000,0.356897,9.587
recordings/windows/1s/whiplash_mixed_v05/window_0010.wav,whiplash_mixed_v05.wav,mixed,accept_when_target_speaking,1,10.000,11.000,0.443697,9.422
recordings/windows/1s/whiplash_mixed_v05/window_0011.wav,whiplash_mixed_v05.wav,mixed,accept_when_target_speaking,1,11.000,12.000,0.404223,9.462
recordings/windows/1s/whiplash_mixed_v05/window_0012.wav,whiplash_mixed_v05.wav,mixed,accept_when_target_speaking,1,12.000,13.000,0.440549,9.625
recordings/windows/1s/whiplash_mixed_v05/window_0013.wav,whiplash_mixed_v05.wav,mixed,accept_when_target_speaking,1,13.000,14.000,0.464091,9.540
recordings/windows/1s/whiplash_mixed_v05/window_0014.wav,whiplash_mixed_v05.wav,mixed,accept_when_target_speaking,1,14.000,15.000,0.486021,9.431
recordings/windows/1s/whiplash_mixed_v05/window_0015.wav,whiplash_mixed_v05.wav,mixed,accept_when_target_speaking,1,15.000,16.000,0.411989,9.708
recordings/windows/1s/whiplash_mixed_v05/window_0016.wav,whiplash_mixed_v05.wav,mixed,accept_when_target_speaking,1,16.000,17.000,0.361244,9.419
recordings/windows/1s/whiplash_mixed_v05/window_0017.wav,whiplash_mixed_v05.wav,mixed,accept_when_target_speaking,1,17.000,18.000,0.282998,9.492
recordings/windows/1s/whiplash_mixed_v05/window_0018.wav,whiplash_mixed_v05.wav,mixed,accept_when_target_speaking,1,18.000,19.000,0.477861,9.355
recordings/windows/1s/whiplash_mixed_v05/window_0019.wav,whiplash_mixed_v05.wav,mixed,accept_when_target_speaking,1,19.000,20.000,0.477141,9.350
recordings/windows/1s/whiplash_mixed_v05/window_0020.wav,whiplash_mixed_v05.wav,mixed,accept_when_target_speaking,1,20.000,21.000,0.531582,9.349
recordings/windows/1s/whiplash_mixed_v05/window_0021.wav,whiplash_mixed_v05.wav,mixed,accept_when_target_speaking,1,21.000,22.000,0.466812,9.316
recordings/windows/1s/whiplash_mixed_v05/window_0022.wav,whiplash_mixed_v05.wav,mixed,accept_when_target_speaking,1,22.000,23.000,0.207372,9.272
recordings/windows/1s/whiplash_mixed_v05/window_0023.wav,whiplash_mixed_v05.wav,mixed,accept_when_target_speaking,1,23.000,24.000,0.414882,9.273
recordings/windows/1s/whiplash_mixed_v05/window_0024.wav,whiplash_mixed_v05.wav,mixed,accept_when_target_speaking,1,24.000,25.000,0.212705,9.291
recordings/windows/1s/whiplash_mixed_v05/window_0025.wav,whiplash_mixed_v05.wav,mixed,accept_when_target_speaking,1,25.000,26.000,0.365300,9.274
recordings/windows/1s/whiplash_mixed_v05/window_0026.wav,whiplash_mixed_v05.wav,mixed,accept_when_target_speaking,1,26.000,27.000,0.449715,9.324
recordings/windows/1s/whiplash_mixed_v05/window_0027.wav,whiplash_mixed_v05.wav,mixed,accept_when_target_speaking,1,27.000,28.000,0.409450,9.253
recordings/windows/1s/whiplash_mixed_v05/window_0028.wav,whiplash_mixed_v05.wav,mixed,accept_when_target_speaking,1,28.000,29.000,0.341765,9.274
recordings/windows/1s/whiplash_mixed_v05/window_0029.wav,whiplash_mixed_v05.wav,mixed,accept_when_target_speaking,1,29.000,30.000,0.207753,9.211
recordings/windows/1s/whiplash_mixed_v05/window_0030.wav,whiplash_mixed_v05.wav,mixed,accept_when_target_speaking,1,30.000,31.000,0.220772,9.300
recordings/windows/1s/whiplash_mixed_v05/window_0031.wav,whiplash_mixed_v05.wav,mixed,accept_when_target_speaking,1,31.000,32.000,0.482040,9.223
recordings/windows/1s/whiplash_mixed_v05/window_0032.wav,whiplash_mixed_v05.wav,mixed,accept_when_target_speaking,1,32.000,33.000,0.284130,9.261
recordings/windows/1s/whiplash_mixed_v05/window_0033.wav,whiplash_mixed_v05.wav,mixed,accept_when_target_speaking,1,33.000,34.000,0.427283,9.325
recordings/windows/1s/whiplash_mixed_v05/window_0034.wav,whiplash_mixed_v05.wav,mixed,accept_when_target_speaking,1,34.000,35.000,0.326591,9.294
recordings/windows/1s/whiplash_mixed_v05/window_0035.wav,whiplash_mixed_v05.wav,mixed,accept_when_target_speaking,1,35.000,36.000,0.362229,9.298
recordings/windows/1s/whiplash_mixed_v05/window_0036.wav,whiplash_mixed_v05.wav,mixed,accept_when_target_speaking,1,36.000,37.000,0.378093,9.273
recordings/windows/1s/whiplash_mixed_v05/window_0037.wav,whiplash_mixed_v05.wav,mixed,accept_when_target_speaking,1,37.000,38.000,0.392777,9.283
recordings/windows/1s/whiplash_mixed_v05/window_0038.wav,whiplash_mixed_v05.wav,mixed,accept_when_target_speaking,1,38.000,39.000,0.331020,9.232
recordings/windows/1s/whiplash_mixed_v05/window_0039.wav,whiplash_mixed_v05.wav,mixed,accept_when_target_speaking,1,39.000,40.000,0.513398,9.213
recordings/windows/1s/whiplash_mixed_v05/window_0040.wav,whiplash_mixed_v05.wav,mixed,accept_when_target_speaking,1,40.000,41.000,0.219685,9.250
recordings/windows/1s/whiplash_mixed_v05/window_0041.wav,whiplash_mixed_v05.wav,mixed,accept_when_target_speaking,1,41.000,42.000,0.074445,9.272
recordings/windows/1s/whiplash_mixed_v05/window_0042.wav,whiplash_mixed_v05.wav,mixed,accept_when_target_speaking,1,42.000,43.000,0.013368,9.217
recordings/windows/1p5s/whiplash_mixed_v05/window_0000.wav,whiplash_mixed_v05.wav,mixed,accept_when_target_speaking,1.5,0.000,1.500,0.295459,10.573
recordings/windows/1p5s/whiplash_mixed_v05/window_0001.wav,whiplash_mixed_v05.wav,mixed,accept_when_target_speaking,1.5,1.500,3.000,0.492685,10.625
recordings/windows/1p5s/whiplash_mixed_v05/window_0002.wav,whiplash_mixed_v05.wav,mixed,accept_when_target_speaking,1.5,3.000,4.500,0.565738,10.644
recordings/windows/1p5s/whiplash_mixed_v05/window_0003.wav,whiplash_mixed_v05.wav,mixed,accept_when_target_speaking,1.5,4.500,6.000,0.428450,10.727
recordings/windows/1p5s/whiplash_mixed_v05/window_0004.wav,whiplash_mixed_v05.wav,mixed,accept_when_target_speaking,1.5,6.000,7.500,0.380469,10.614
recordings/windows/1p5s/whiplash_mixed_v05/window_0005.wav,whiplash_mixed_v05.wav,mixed,accept_when_target_speaking,1.5,7.500,9.000,0.516911,10.614
recordings/windows/1p5s/whiplash_mixed_v05/window_0006.wav,whiplash_mixed_v05.wav,mixed,accept_when_target_speaking,1.5,9.000,10.500,0.448514,10.711
recordings/windows/1p5s/whiplash_mixed_v05/window_0007.wav,whiplash_mixed_v05.wav,mixed,accept_when_target_speaking,1.5,10.500,12.000,0.483261,10.664
recordings/windows/1p5s/whiplash_mixed_v05/window_0008.wav,whiplash_mixed_v05.wav,mixed,accept_when_target_speaking,1.5,12.000,13.500,0.648504,10.580
recordings/windows/1p5s/whiplash_mixed_v05/window_0009.wav,whiplash_mixed_v05.wav,mixed,accept_when_target_speaking,1.5,13.500,15.000,0.596286,10.648
recordings/windows/1p5s/whiplash_mixed_v05/window_0010.wav,whiplash_mixed_v05.wav,mixed,accept_when_target_speaking,1.5,15.000,16.500,0.451194,10.556
recordings/windows/1p5s/whiplash_mixed_v05/window_0011.wav,whiplash_mixed_v05.wav,mixed,accept_when_target_speaking,1.5,16.500,18.000,0.422080,10.638
recordings/windows/1p5s/whiplash_mixed_v05/window_0012.wav,whiplash_mixed_v05.wav,mixed,accept_when_target_speaking,1.5,18.000,19.500,0.406309,10.562
recordings/windows/1p5s/whiplash_mixed_v05/window_0013.wav,whiplash_mixed_v05.wav,mixed,accept_when_target_speaking,1.5,19.500,21.000,0.564924,10.696
recordings/windows/1p5s/whiplash_mixed_v05/window_0014.wav,whiplash_mixed_v05.wav,mixed,accept_when_target_speaking,1.5,21.000,22.500,0.525639,11.080
recordings/windows/1p5s/whiplash_mixed_v05/window_0015.wav,whiplash_mixed_v05.wav,mixed,accept_when_target_speaking,1.5,22.500,24.000,0.456324,10.787
recordings/windows/1p5s/whiplash_mixed_v05/window_0016.wav,whiplash_mixed_v05.wav,mixed,accept_when_target_speaking,1.5,24.000,25.500,0.382282,10.746
recordings/windows/1p5s/whiplash_mixed_v05/window_0017.wav,whiplash_mixed_v05.wav,mixed,accept_when_target_speaking,1.5,25.500,27.000,0.480558,10.930
recordings/windows/1p5s/whiplash_mixed_v05/window_0018.wav,whiplash_mixed_v05.wav,mixed,accept_when_target_speaking,1.5,27.000,28.500,0.462640,11.060
recordings/windows/1p5s/whiplash_mixed_v05/window_0019.wav,whiplash_mixed_v05.wav,mixed,accept_when_target_speaking,1.5,28.500,30.000,0.311971,10.793
recordings/windows/1p5s/whiplash_mixed_v05/window_0020.wav,whiplash_mixed_v05.wav,mixed,accept_when_target_speaking,1.5,30.000,31.500,0.367079,10.889
recordings/windows/1p5s/whiplash_mixed_v05/window_0021.wav,whiplash_mixed_v05.wav,mixed,accept_when_target_speaking,1.5,31.500,33.000,0.345196,11.009
recordings/windows/1p5s/whiplash_mixed_v05/window_0022.wav,whiplash_mixed_v05.wav,mixed,accept_when_target_speaking,1.5,33.000,34.500,0.465706,10.837
recordings/windows/1p5s/whiplash_mixed_v05/window_0023.wav,whiplash_mixed_v05.wav,mixed,accept_when_target_speaking,1.5,34.500,36.000,0.335208,10.831
recordings/windows/1p5s/whiplash_mixed_v05/window_0024.wav,whiplash_mixed_v05.wav,mixed,accept_when_target_speaking,1.5,36.000,37.500,0.459940,10.859
recordings/windows/1p5s/whiplash_mixed_v05/window_0025.wav,whiplash_mixed_v05.wav,mixed,accept_when_target_speaking,1.5,37.500,39.000,0.416888,10.883
recordings/windows/1p5s/whiplash_mixed_v05/window_0026.wav,whiplash_mixed_v05.wav,mixed,accept_when_target_speaking,1.5,39.000,40.500,0.477145,10.880
recordings/windows/1p5s/whiplash_mixed_v05/window_0027.wav,whiplash_mixed_v05.wav,mixed,accept_when_target_speaking,1.5,40.500,42.000,0.053849,10.837
recordings/windows/1p5s/whiplash_mixed_v05/window_0028.wav,whiplash_mixed_v05.wav,mixed,accept_when_target_speaking,1.5,42.000,43.500,0.010734,10.872
recordings/windows/2s/whiplash_mixed_v05/window_0000.wav,whiplash_mixed_v05.wav,mixed,accept_when_target_speaking,2,0.000,2.000,0.444836,12.867
recordings/windows/2s/whiplash_mixed_v05/window_0001.wav,whiplash_mixed_v05.wav,mixed,accept_when_target_speaking,2,2.000,4.000,0.605148,13.096
recordings/windows/2s/whiplash_mixed_v05/window_0002.wav,whiplash_mixed_v05.wav,mixed,accept_when_target_speaking,2,4.000,6.000,0.393178,12.894
recordings/windows/2s/whiplash_mixed_v05/window_0003.wav,whiplash_mixed_v05.wav,mixed,accept_when_target_speaking,2,6.000,8.000,0.424026,12.877
recordings/windows/2s/whiplash_mixed_v05/window_0004.wav,whiplash_mixed_v05.wav,mixed,accept_when_target_speaking,2,8.000,10.000,0.512493,13.010
recordings/windows/2s/whiplash_mixed_v05/window_0005.wav,whiplash_mixed_v05.wav,mixed,accept_when_target_speaking,2,10.000,12.000,0.530035,12.877
recordings/windows/2s/whiplash_mixed_v05/window_0006.wav,whiplash_mixed_v05.wav,mixed,accept_when_target_speaking,2,12.000,14.000,0.619770,12.942
recordings/windows/2s/whiplash_mixed_v05/window_0007.wav,whiplash_mixed_v05.wav,mixed,accept_when_target_speaking,2,14.000,16.000,0.611913,12.928
recordings/windows/2s/whiplash_mixed_v05/window_0008.wav,whiplash_mixed_v05.wav,mixed,accept_when_target_speaking,2,16.000,18.000,0.453141,13.053
recordings/windows/2s/whiplash_mixed_v05/window_0009.wav,whiplash_mixed_v05.wav,mixed,accept_when_target_speaking,2,18.000,20.000,0.510295,12.975
recordings/windows/2s/whiplash_mixed_v05/window_0010.wav,whiplash_mixed_v05.wav,mixed,accept_when_target_speaking,2,20.000,22.000,0.654464,12.765
recordings/windows/2s/whiplash_mixed_v05/window_0011.wav,whiplash_mixed_v05.wav,mixed,accept_when_target_speaking,2,22.000,24.000,0.476600,12.892
recordings/windows/2s/whiplash_mixed_v05/window_0012.wav,whiplash_mixed_v05.wav,mixed,accept_when_target_speaking,2,24.000,26.000,0.443112,12.880
recordings/windows/2s/whiplash_mixed_v05/window_0013.wav,whiplash_mixed_v05.wav,mixed,accept_when_target_speaking,2,26.000,28.000,0.537191,12.775
recordings/windows/2s/whiplash_mixed_v05/window_0014.wav,whiplash_mixed_v05.wav,mixed,accept_when_target_speaking,2,28.000,30.000,0.377595,12.908
recordings/windows/2s/whiplash_mixed_v05/window_0015.wav,whiplash_mixed_v05.wav,mixed,accept_when_target_speaking,2,30.000,32.000,0.432789,12.799
recordings/windows/2s/whiplash_mixed_v05/window_0016.wav,whiplash_mixed_v05.wav,mixed,accept_when_target_speaking,2,32.000,34.000,0.444204,12.797
recordings/windows/2s/whiplash_mixed_v05/window_0017.wav,whiplash_mixed_v05.wav,mixed,accept_when_target_speaking,2,34.000,36.000,0.372109,13.000
recordings/windows/2s/whiplash_mixed_v05/window_0018.wav,whiplash_mixed_v05.wav,mixed,accept_when_target_speaking,2,36.000,38.000,0.507366,12.808
recordings/windows/2s/whiplash_mixed_v05/window_0019.wav,whiplash_mixed_v05.wav,mixed,accept_when_target_speaking,2,38.000,40.000,0.529929,12.824
recordings/windows/2s/whiplash_mixed_v05/window_0020.wav,whiplash_mixed_v05.wav,mixed,accept_when_target_speaking,2,40.000,42.000,0.223734,12.843
recordings/windows/1s/whiplash_mixed_v10/window_0000.wav,whiplash_mixed_v10.wav,mixed,accept_when_target_speaking,1,0.000,1.000,-0.041186,9.527
recordings/windows/1s/whiplash_mixed_v10/window_0001.wav,whiplash_mixed_v10.wav,mixed,accept_when_target_speaking,1,1.000,2.000,0.289762,9.518
recordings/windows/1s/whiplash_mixed_v10/window_0002.wav,whiplash_mixed_v10.wav,mixed,accept_when_target_speaking,1,2.000,3.000,0.197770,9.460
recordings/windows/1s/whiplash_mixed_v10/window_0003.wav,whiplash_mixed_v10.wav,mixed,accept_when_target_speaking,1,3.000,4.000,0.504389,9.443
recordings/windows/1s/whiplash_mixed_v10/window_0004.wav,whiplash_mixed_v10.wav,mixed,accept_when_target_speaking,1,4.000,5.000,0.521774,9.636
recordings/windows/1s/whiplash_mixed_v10/window_0005.wav,whiplash_mixed_v10.wav,mixed,accept_when_target_speaking,1,5.000,6.000,0.222824,9.514
recordings/windows/1s/whiplash_mixed_v10/window_0006.wav,whiplash_mixed_v10.wav,mixed,accept_when_target_speaking,1,6.000,7.000,0.402408,9.449
recordings/windows/1s/whiplash_mixed_v10/window_0007.wav,whiplash_mixed_v10.wav,mixed,accept_when_target_speaking,1,7.000,8.000,0.304273,9.527
recordings/windows/1s/whiplash_mixed_v10/window_0008.wav,whiplash_mixed_v10.wav,mixed,accept_when_target_speaking,1,8.000,9.000,0.304988,9.459
recordings/windows/1s/whiplash_mixed_v10/window_0009.wav,whiplash_mixed_v10.wav,mixed,accept_when_target_speaking,1,9.000,10.000,0.422015,9.620
recordings/windows/1s/whiplash_mixed_v10/window_0010.wav,whiplash_mixed_v10.wav,mixed,accept_when_target_speaking,1,10.000,11.000,0.320657,9.401
recordings/windows/1s/whiplash_mixed_v10/window_0011.wav,whiplash_mixed_v10.wav,mixed,accept_when_target_speaking,1,11.000,12.000,0.304876,9.436
recordings/windows/1s/whiplash_mixed_v10/window_0012.wav,whiplash_mixed_v10.wav,mixed,accept_when_target_speaking,1,12.000,13.000,0.340577,9.437
recordings/windows/1s/whiplash_mixed_v10/window_0013.wav,whiplash_mixed_v10.wav,mixed,accept_when_target_speaking,1,13.000,14.000,0.143194,9.457
recordings/windows/1s/whiplash_mixed_v10/window_0014.wav,whiplash_mixed_v10.wav,mixed,accept_when_target_speaking,1,14.000,15.000,0.405858,9.675
recordings/windows/1s/whiplash_mixed_v10/window_0015.wav,whiplash_mixed_v10.wav,mixed,accept_when_target_speaking,1,15.000,16.000,0.333288,9.857
recordings/windows/1s/whiplash_mixed_v10/window_0016.wav,whiplash_mixed_v10.wav,mixed,accept_when_target_speaking,1,16.000,17.000,0.357986,9.466
recordings/windows/1s/whiplash_mixed_v10/window_0017.wav,whiplash_mixed_v10.wav,mixed,accept_when_target_speaking,1,17.000,18.000,0.369105,9.391
recordings/windows/1s/whiplash_mixed_v10/window_0018.wav,whiplash_mixed_v10.wav,mixed,accept_when_target_speaking,1,18.000,19.000,0.344905,9.400
recordings/windows/1s/whiplash_mixed_v10/window_0019.wav,whiplash_mixed_v10.wav,mixed,accept_when_target_speaking,1,19.000,20.000,0.197460,9.678
recordings/windows/1s/whiplash_mixed_v10/window_0020.wav,whiplash_mixed_v10.wav,mixed,accept_when_target_speaking,1,20.000,21.000,0.239562,9.541
recordings/windows/1s/whiplash_mixed_v10/window_0021.wav,whiplash_mixed_v10.wav,mixed,accept_when_target_speaking,1,21.000,22.000,0.295320,9.441
recordings/windows/1s/whiplash_mixed_v10/window_0022.wav,whiplash_mixed_v10.wav,mixed,accept_when_target_speaking,1,22.000,23.000,0.288225,9.413
recordings/windows/1s/whiplash_mixed_v10/window_0023.wav,whiplash_mixed_v10.wav,mixed,accept_when_target_speaking,1,23.000,24.000,0.443076,9.660
recordings/windows/1s/whiplash_mixed_v10/window_0024.wav,whiplash_mixed_v10.wav,mixed,accept_when_target_speaking,1,24.000,25.000,0.312987,9.409
recordings/windows/1s/whiplash_mixed_v10/window_0025.wav,whiplash_mixed_v10.wav,mixed,accept_when_target_speaking,1,25.000,26.000,0.283383,9.341
recordings/windows/1s/whiplash_mixed_v10/window_0026.wav,whiplash_mixed_v10.wav,mixed,accept_when_target_speaking,1,26.000,27.000,0.355990,9.836
recordings/windows/1s/whiplash_mixed_v10/window_0027.wav,whiplash_mixed_v10.wav,mixed,accept_when_target_speaking,1,27.000,28.000,0.202615,9.264
recordings/windows/1s/whiplash_mixed_v10/window_0028.wav,whiplash_mixed_v10.wav,mixed,accept_when_target_speaking,1,28.000,29.000,0.220007,9.264
recordings/windows/1s/whiplash_mixed_v10/window_0029.wav,whiplash_mixed_v10.wav,mixed,accept_when_target_speaking,1,29.000,30.000,0.138624,9.311
recordings/windows/1s/whiplash_mixed_v10/window_0030.wav,whiplash_mixed_v10.wav,mixed,accept_when_target_speaking,1,30.000,31.000,0.376715,9.208
recordings/windows/1s/whiplash_mixed_v10/window_0031.wav,whiplash_mixed_v10.wav,mixed,accept_when_target_speaking,1,31.000,32.000,0.249146,9.307
recordings/windows/1s/whiplash_mixed_v10/window_0032.wav,whiplash_mixed_v10.wav,mixed,accept_when_target_speaking,1,32.000,33.000,0.226718,9.375
recordings/windows/1s/whiplash_mixed_v10/window_0033.wav,whiplash_mixed_v10.wav,mixed,accept_when_target_speaking,1,33.000,34.000,0.154880,9.281
recordings/windows/1s/whiplash_mixed_v10/window_0034.wav,whiplash_mixed_v10.wav,mixed,accept_when_target_speaking,1,34.000,35.000,0.243344,9.306
recordings/windows/1s/whiplash_mixed_v10/window_0035.wav,whiplash_mixed_v10.wav,mixed,accept_when_target_speaking,1,35.000,36.000,0.189118,9.305
recordings/windows/1s/whiplash_mixed_v10/window_0036.wav,whiplash_mixed_v10.wav,mixed,accept_when_target_speaking,1,36.000,37.000,0.270868,9.224
recordings/windows/1s/whiplash_mixed_v10/window_0037.wav,whiplash_mixed_v10.wav,mixed,accept_when_target_speaking,1,37.000,38.000,0.307805,9.282
recordings/windows/1s/whiplash_mixed_v10/window_0038.wav,whiplash_mixed_v10.wav,mixed,accept_when_target_speaking,1,38.000,39.000,0.363311,9.265
recordings/windows/1s/whiplash_mixed_v10/window_0039.wav,whiplash_mixed_v10.wav,mixed,accept_when_target_speaking,1,39.000,40.000,0.261839,9.250
recordings/windows/1s/whiplash_mixed_v10/window_0040.wav,whiplash_mixed_v10.wav,mixed,accept_when_target_speaking,1,40.000,41.000,0.297183,9.234
recordings/windows/1s/whiplash_mixed_v10/window_0041.wav,whiplash_mixed_v10.wav,mixed,accept_when_target_speaking,1,41.000,42.000,0.289682,9.290
recordings/windows/1s/whiplash_mixed_v10/window_0042.wav,whiplash_mixed_v10.wav,mixed,accept_when_target_speaking,1,42.000,43.000,0.320482,9.228
recordings/windows/1s/whiplash_mixed_v10/window_0043.wav,whiplash_mixed_v10.wav,mixed,accept_when_target_speaking,1,43.000,44.000,0.289982,9.215
recordings/windows/1s/whiplash_mixed_v10/window_0044.wav,whiplash_mixed_v10.wav,mixed,accept_when_target_speaking,1,44.000,45.000,0.275508,9.237
recordings/windows/1s/whiplash_mixed_v10/window_0045.wav,whiplash_mixed_v10.wav,mixed,accept_when_target_speaking,1,45.000,46.000,-0.034753,9.259
recordings/windows/1s/whiplash_mixed_v10/window_0046.wav,whiplash_mixed_v10.wav,mixed,accept_when_target_speaking,1,46.000,47.000,0.016608,9.264
recordings/windows/1p5s/whiplash_mixed_v10/window_0000.wav,whiplash_mixed_v10.wav,mixed,accept_when_target_speaking,1.5,0.000,1.500,-0.073015,10.647
recordings/windows/1p5s/whiplash_mixed_v10/window_0001.wav,whiplash_mixed_v10.wav,mixed,accept_when_target_speaking,1.5,1.500,3.000,0.348559,10.679
recordings/windows/1p5s/whiplash_mixed_v10/window_0002.wav,whiplash_mixed_v10.wav,mixed,accept_when_target_speaking,1.5,3.000,4.500,0.532159,10.649
recordings/windows/1p5s/whiplash_mixed_v10/window_0003.wav,whiplash_mixed_v10.wav,mixed,accept_when_target_speaking,1.5,4.500,6.000,0.373678,10.671
recordings/windows/1p5s/whiplash_mixed_v10/window_0004.wav,whiplash_mixed_v10.wav,mixed,accept_when_target_speaking,1.5,6.000,7.500,0.464138,10.578
recordings/windows/1p5s/whiplash_mixed_v10/window_0005.wav,whiplash_mixed_v10.wav,mixed,accept_when_target_speaking,1.5,7.500,9.000,0.334878,10.618
recordings/windows/1p5s/whiplash_mixed_v10/window_0006.wav,whiplash_mixed_v10.wav,mixed,accept_when_target_speaking,1.5,9.000,10.500,0.440470,10.632
recordings/windows/1p5s/whiplash_mixed_v10/window_0007.wav,whiplash_mixed_v10.wav,mixed,accept_when_target_speaking,1.5,10.500,12.000,0.392002,10.687
recordings/windows/1p5s/whiplash_mixed_v10/window_0008.wav,whiplash_mixed_v10.wav,mixed,accept_when_target_speaking,1.5,12.000,13.500,0.272477,10.645
recordings/windows/1p5s/whiplash_mixed_v10/window_0009.wav,whiplash_mixed_v10.wav,mixed,accept_when_target_speaking,1.5,13.500,15.000,0.422551,10.636
recordings/windows/1p5s/whiplash_mixed_v10/window_0010.wav,whiplash_mixed_v10.wav,mixed,accept_when_target_speaking,1.5,15.000,16.500,0.474472,10.621
recordings/windows/1p5s/whiplash_mixed_v10/window_0011.wav,whiplash_mixed_v10.wav,mixed,accept_when_target_speaking,1.5,16.500,18.000,0.344895,10.591
recordings/windows/1p5s/whiplash_mixed_v10/window_0012.wav,whiplash_mixed_v10.wav,mixed,accept_when_target_speaking,1.5,18.000,19.500,0.469269,10.708
recordings/windows/1p5s/whiplash_mixed_v10/window_0013.wav,whiplash_mixed_v10.wav,mixed,accept_when_target_speaking,1.5,19.500,21.000,0.247676,10.647
recordings/windows/1p5s/whiplash_mixed_v10/window_0014.wav,whiplash_mixed_v10.wav,mixed,accept_when_target_speaking,1.5,21.000,22.500,0.327808,10.640
recordings/windows/1p5s/whiplash_mixed_v10/window_0015.wav,whiplash_mixed_v10.wav,mixed,accept_when_target_speaking,1.5,22.500,24.000,0.454091,10.607
recordings/windows/1p5s/whiplash_mixed_v10/window_0016.wav,whiplash_mixed_v10.wav,mixed,accept_when_target_speaking,1.5,24.000,25.500,0.422560,11.012
recordings/windows/1p5s/whiplash_mixed_v10/window_0017.wav,whiplash_mixed_v10.wav,mixed,accept_when_target_speaking,1.5,25.500,27.000,0.307253,10.798
recordings/windows/1p5s/whiplash_mixed_v10/window_0018.wav,whiplash_mixed_v10.wav,mixed,accept_when_target_speaking,1.5,27.000,28.500,0.230113,10.720
recordings/windows/1p5s/whiplash_mixed_v10/window_0019.wav,whiplash_mixed_v10.wav,mixed,accept_when_target_speaking,1.5,28.500,30.000,0.223509,11.053
recordings/windows/1p5s/whiplash_mixed_v10/window_0020.wav,whiplash_mixed_v10.wav,mixed,accept_when_target_speaking,1.5,30.000,31.500,0.283617,10.916
recordings/windows/1p5s/whiplash_mixed_v10/window_0021.wav,whiplash_mixed_v10.wav,mixed,accept_when_target_speaking,1.5,31.500,33.000,0.301188,10.940
recordings/windows/1p5s/whiplash_mixed_v10/window_0022.wav,whiplash_mixed_v10.wav,mixed,accept_when_target_speaking,1.5,33.000,34.500,0.275937,10.918
recordings/windows/1p5s/whiplash_mixed_v10/window_0023.wav,whiplash_mixed_v10.wav,mixed,accept_when_target_speaking,1.5,34.500,36.000,0.314690,10.859
recordings/windows/1p5s/whiplash_mixed_v10/window_0024.wav,whiplash_mixed_v10.wav,mixed,accept_when_target_speaking,1.5,36.000,37.500,0.341318,10.774
recordings/windows/1p5s/whiplash_mixed_v10/window_0025.wav,whiplash_mixed_v10.wav,mixed,accept_when_target_speaking,1.5,37.500,39.000,0.352800,10.814
recordings/windows/1p5s/whiplash_mixed_v10/window_0026.wav,whiplash_mixed_v10.wav,mixed,accept_when_target_speaking,1.5,39.000,40.500,0.398030,10.803
recordings/windows/1p5s/whiplash_mixed_v10/window_0027.wav,whiplash_mixed_v10.wav,mixed,accept_when_target_speaking,1.5,40.500,42.000,0.268521,10.876
recordings/windows/1p5s/whiplash_mixed_v10/window_0028.wav,whiplash_mixed_v10.wav,mixed,accept_when_target_speaking,1.5,42.000,43.500,0.402060,10.928
recordings/windows/1p5s/whiplash_mixed_v10/window_0029.wav,whiplash_mixed_v10.wav,mixed,accept_when_target_speaking,1.5,43.500,45.000,0.448560,10.793
recordings/windows/1p5s/whiplash_mixed_v10/window_0030.wav,whiplash_mixed_v10.wav,mixed,accept_when_target_speaking,1.5,45.000,46.500,-0.089874,10.971
recordings/windows/2s/whiplash_mixed_v10/window_0000.wav,whiplash_mixed_v10.wav,mixed,accept_when_target_speaking,2,0.000,2.000,0.275377,12.748
recordings/windows/2s/whiplash_mixed_v10/window_0001.wav,whiplash_mixed_v10.wav,mixed,accept_when_target_speaking,2,2.000,4.000,0.443739,12.807
recordings/windows/2s/whiplash_mixed_v10/window_0002.wav,whiplash_mixed_v10.wav,mixed,accept_when_target_speaking,2,4.000,6.000,0.499309,12.899
recordings/windows/2s/whiplash_mixed_v10/window_0003.wav,whiplash_mixed_v10.wav,mixed,accept_when_target_speaking,2,6.000,8.000,0.454154,12.800
recordings/windows/2s/whiplash_mixed_v10/window_0004.wav,whiplash_mixed_v10.wav,mixed,accept_when_target_speaking,2,8.000,10.000,0.437347,12.884
recordings/windows/2s/whiplash_mixed_v10/window_0005.wav,whiplash_mixed_v10.wav,mixed,accept_when_target_speaking,2,10.000,12.000,0.437581,12.752
recordings/windows/2s/whiplash_mixed_v10/window_0006.wav,whiplash_mixed_v10.wav,mixed,accept_when_target_speaking,2,12.000,14.000,0.320531,12.777
recordings/windows/2s/whiplash_mixed_v10/window_0007.wav,whiplash_mixed_v10.wav,mixed,accept_when_target_speaking,2,14.000,16.000,0.434510,12.884
recordings/windows/2s/whiplash_mixed_v10/window_0008.wav,whiplash_mixed_v10.wav,mixed,accept_when_target_speaking,2,16.000,18.000,0.421051,12.829
recordings/windows/2s/whiplash_mixed_v10/window_0009.wav,whiplash_mixed_v10.wav,mixed,accept_when_target_speaking,2,18.000,20.000,0.460302,12.811
recordings/windows/2s/whiplash_mixed_v10/window_0010.wav,whiplash_mixed_v10.wav,mixed,accept_when_target_speaking,2,20.000,22.000,0.355398,12.746
recordings/windows/2s/whiplash_mixed_v10/window_0011.wav,whiplash_mixed_v10.wav,mixed,accept_when_target_speaking,2,22.000,24.000,0.448874,12.853
recordings/windows/2s/whiplash_mixed_v10/window_0012.wav,whiplash_mixed_v10.wav,mixed,accept_when_target_speaking,2,24.000,26.000,0.414158,12.832
recordings/windows/2s/whiplash_mixed_v10/window_0013.wav,whiplash_mixed_v10.wav,mixed,accept_when_target_speaking,2,26.000,28.000,0.351378,12.689
recordings/windows/2s/whiplash_mixed_v10/window_0014.wav,whiplash_mixed_v10.wav,mixed,accept_when_target_speaking,2,28.000,30.000,0.277457,12.817
recordings/windows/2s/whiplash_mixed_v10/window_0015.wav,whiplash_mixed_v10.wav,mixed,accept_when_target_speaking,2,30.000,32.000,0.327182,12.698
recordings/windows/2s/whiplash_mixed_v10/window_0016.wav,whiplash_mixed_v10.wav,mixed,accept_when_target_speaking,2,32.000,34.000,0.238974,12.684
recordings/windows/2s/whiplash_mixed_v10/window_0017.wav,whiplash_mixed_v10.wav,mixed,accept_when_target_speaking,2,34.000,36.000,0.367078,12.859
recordings/windows/2s/whiplash_mixed_v10/window_0018.wav,whiplash_mixed_v10.wav,mixed,accept_when_target_speaking,2,36.000,38.000,0.389097,12.805
recordings/windows/2s/whiplash_mixed_v10/window_0019.wav,whiplash_mixed_v10.wav,mixed,accept_when_target_speaking,2,38.000,40.000,0.364364,12.773
recordings/windows/2s/whiplash_mixed_v10/window_0020.wav,whiplash_mixed_v10.wav,mixed,accept_when_target_speaking,2,40.000,42.000,0.366156,13.047
recordings/windows/2s/whiplash_mixed_v10/window_0021.wav,whiplash_mixed_v10.wav,mixed,accept_when_target_speaking,2,42.000,44.000,0.437159,13.256
recordings/windows/2s/whiplash_mixed_v10/window_0022.wav,whiplash_mixed_v10.wav,mixed,accept_when_target_speaking,2,44.000,46.000,0.177366,12.904
recordings/windows/1s/whiplash_mixed_v16/window_0000.wav,whiplash_mixed_v16.wav,mixed,accept_when_target_speaking,1,0.000,1.000,0.176686,9.502
recordings/windows/1s/whiplash_mixed_v16/window_0001.wav,whiplash_mixed_v16.wav,mixed,accept_when_target_speaking,1,1.000,2.000,0.226563,9.511
recordings/windows/1s/whiplash_mixed_v16/window_0002.wav,whiplash_mixed_v16.wav,mixed,accept_when_target_speaking,1,2.000,3.000,0.245332,9.460
recordings/windows/1s/whiplash_mixed_v16/window_0003.wav,whiplash_mixed_v16.wav,mixed,accept_when_target_speaking,1,3.000,4.000,0.323365,9.585
recordings/windows/1s/whiplash_mixed_v16/window_0004.wav,whiplash_mixed_v16.wav,mixed,accept_when_target_speaking,1,4.000,5.000,0.261191,9.377
recordings/windows/1s/whiplash_mixed_v16/window_0005.wav,whiplash_mixed_v16.wav,mixed,accept_when_target_speaking,1,5.000,6.000,0.214631,9.430
recordings/windows/1s/whiplash_mixed_v16/window_0006.wav,whiplash_mixed_v16.wav,mixed,accept_when_target_speaking,1,6.000,7.000,0.185384,9.414
recordings/windows/1s/whiplash_mixed_v16/window_0007.wav,whiplash_mixed_v16.wav,mixed,accept_when_target_speaking,1,7.000,8.000,0.254727,9.467
recordings/windows/1s/whiplash_mixed_v16/window_0008.wav,whiplash_mixed_v16.wav,mixed,accept_when_target_speaking,1,8.000,9.000,0.032875,9.642
recordings/windows/1s/whiplash_mixed_v16/window_0009.wav,whiplash_mixed_v16.wav,mixed,accept_when_target_speaking,1,9.000,10.000,0.116442,9.459
recordings/windows/1s/whiplash_mixed_v16/window_0010.wav,whiplash_mixed_v16.wav,mixed,accept_when_target_speaking,1,10.000,11.000,0.255784,9.459
recordings/windows/1s/whiplash_mixed_v16/window_0011.wav,whiplash_mixed_v16.wav,mixed,accept_when_target_speaking,1,11.000,12.000,0.094435,9.436
recordings/windows/1s/whiplash_mixed_v16/window_0012.wav,whiplash_mixed_v16.wav,mixed,accept_when_target_speaking,1,12.000,13.000,0.028296,9.433
recordings/windows/1s/whiplash_mixed_v16/window_0013.wav,whiplash_mixed_v16.wav,mixed,accept_when_target_speaking,1,13.000,14.000,0.144507,9.833
recordings/windows/1s/whiplash_mixed_v16/window_0014.wav,whiplash_mixed_v16.wav,mixed,accept_when_target_speaking,1,14.000,15.000,0.124677,9.856
recordings/windows/1s/whiplash_mixed_v16/window_0015.wav,whiplash_mixed_v16.wav,mixed,accept_when_target_speaking,1,15.000,16.000,0.154349,9.524
recordings/windows/1s/whiplash_mixed_v16/window_0016.wav,whiplash_mixed_v16.wav,mixed,accept_when_target_speaking,1,16.000,17.000,0.055013,9.446
recordings/windows/1s/whiplash_mixed_v16/window_0017.wav,whiplash_mixed_v16.wav,mixed,accept_when_target_speaking,1,17.000,18.000,0.167556,9.517
recordings/windows/1s/whiplash_mixed_v16/window_0018.wav,whiplash_mixed_v16.wav,mixed,accept_when_target_speaking,1,18.000,19.000,0.036358,9.527
recordings/windows/1s/whiplash_mixed_v16/window_0019.wav,whiplash_mixed_v16.wav,mixed,accept_when_target_speaking,1,19.000,20.000,0.128108,9.585
recordings/windows/1s/whiplash_mixed_v16/window_0020.wav,whiplash_mixed_v16.wav,mixed,accept_when_target_speaking,1,20.000,21.000,0.120818,9.450
recordings/windows/1s/whiplash_mixed_v16/window_0021.wav,whiplash_mixed_v16.wav,mixed,accept_when_target_speaking,1,21.000,22.000,0.140225,9.649
recordings/windows/1s/whiplash_mixed_v16/window_0022.wav,whiplash_mixed_v16.wav,mixed,accept_when_target_speaking,1,22.000,23.000,0.215376,9.507
recordings/windows/1s/whiplash_mixed_v16/window_0023.wav,whiplash_mixed_v16.wav,mixed,accept_when_target_speaking,1,23.000,24.000,0.055975,9.321
recordings/windows/1s/whiplash_mixed_v16/window_0024.wav,whiplash_mixed_v16.wav,mixed,accept_when_target_speaking,1,24.000,25.000,0.187333,9.249
recordings/windows/1s/whiplash_mixed_v16/window_0025.wav,whiplash_mixed_v16.wav,mixed,accept_when_target_speaking,1,25.000,26.000,0.064493,9.265
recordings/windows/1s/whiplash_mixed_v16/window_0026.wav,whiplash_mixed_v16.wav,mixed,accept_when_target_speaking,1,26.000,27.000,0.125522,9.328
recordings/windows/1s/whiplash_mixed_v16/window_0027.wav,whiplash_mixed_v16.wav,mixed,accept_when_target_speaking,1,27.000,28.000,0.006348,9.318
recordings/windows/1s/whiplash_mixed_v16/window_0028.wav,whiplash_mixed_v16.wav,mixed,accept_when_target_speaking,1,28.000,29.000,0.194685,9.366
recordings/windows/1s/whiplash_mixed_v16/window_0029.wav,whiplash_mixed_v16.wav,mixed,accept_when_target_speaking,1,29.000,30.000,0.230539,9.242
recordings/windows/1s/whiplash_mixed_v16/window_0030.wav,whiplash_mixed_v16.wav,mixed,accept_when_target_speaking,1,30.000,31.000,0.213091,9.245
recordings/windows/1s/whiplash_mixed_v16/window_0031.wav,whiplash_mixed_v16.wav,mixed,accept_when_target_speaking,1,31.000,32.000,0.365200,9.233
recordings/windows/1s/whiplash_mixed_v16/window_0032.wav,whiplash_mixed_v16.wav,mixed,accept_when_target_speaking,1,32.000,33.000,-0.015416,9.293
recordings/windows/1s/whiplash_mixed_v16/window_0033.wav,whiplash_mixed_v16.wav,mixed,accept_when_target_speaking,1,33.000,34.000,0.076039,9.266
recordings/windows/1s/whiplash_mixed_v16/window_0034.wav,whiplash_mixed_v16.wav,mixed,accept_when_target_speaking,1,34.000,35.000,0.231803,9.244
recordings/windows/1s/whiplash_mixed_v16/window_0035.wav,whiplash_mixed_v16.wav,mixed,accept_when_target_speaking,1,35.000,36.000,0.159927,9.293
recordings/windows/1s/whiplash_mixed_v16/window_0036.wav,whiplash_mixed_v16.wav,mixed,accept_when_target_speaking,1,36.000,37.000,0.098105,9.277
recordings/windows/1s/whiplash_mixed_v16/window_0037.wav,whiplash_mixed_v16.wav,mixed,accept_when_target_speaking,1,37.000,38.000,0.242043,9.287
recordings/windows/1s/whiplash_mixed_v16/window_0038.wav,whiplash_mixed_v16.wav,mixed,accept_when_target_speaking,1,38.000,39.000,0.134753,9.308
recordings/windows/1p5s/whiplash_mixed_v16/window_0000.wav,whiplash_mixed_v16.wav,mixed,accept_when_target_speaking,1.5,0.000,1.500,0.198560,10.607
recordings/windows/1p5s/whiplash_mixed_v16/window_0001.wav,whiplash_mixed_v16.wav,mixed,accept_when_target_speaking,1.5,1.500,3.000,0.279176,10.666
recordings/windows/1p5s/whiplash_mixed_v16/window_0002.wav,whiplash_mixed_v16.wav,mixed,accept_when_target_speaking,1.5,3.000,4.500,0.273836,10.633
recordings/windows/1p5s/whiplash_mixed_v16/window_0003.wav,whiplash_mixed_v16.wav,mixed,accept_when_target_speaking,1.5,4.500,6.000,0.263755,10.595
recordings/windows/1p5s/whiplash_mixed_v16/window_0004.wav,whiplash_mixed_v16.wav,mixed,accept_when_target_speaking,1.5,6.000,7.500,0.322106,10.582
recordings/windows/1p5s/whiplash_mixed_v16/window_0005.wav,whiplash_mixed_v16.wav,mixed,accept_when_target_speaking,1.5,7.500,9.000,0.125963,10.589
recordings/windows/1p5s/whiplash_mixed_v16/window_0006.wav,whiplash_mixed_v16.wav,mixed,accept_when_target_speaking,1.5,9.000,10.500,0.171527,10.613
recordings/windows/1p5s/whiplash_mixed_v16/window_0007.wav,whiplash_mixed_v16.wav,mixed,accept_when_target_speaking,1.5,10.500,12.000,0.191285,10.713
recordings/windows/1p5s/whiplash_mixed_v16/window_0008.wav,whiplash_mixed_v16.wav,mixed,accept_when_target_speaking,1.5,12.000,13.500,0.174296,10.621
recordings/windows/1p5s/whiplash_mixed_v16/window_0009.wav,whiplash_mixed_v16.wav,mixed,accept_when_target_speaking,1.5,13.500,15.000,0.152613,10.603
recordings/windows/1p5s/whiplash_mixed_v16/window_0010.wav,whiplash_mixed_v16.wav,mixed,accept_when_target_speaking,1.5,15.000,16.500,0.049505,10.620
recordings/windows/1p5s/whiplash_mixed_v16/window_0011.wav,whiplash_mixed_v16.wav,mixed,accept_when_target_speaking,1.5,16.500,18.000,0.151260,10.624
recordings/windows/1p5s/whiplash_mixed_v16/window_0012.wav,whiplash_mixed_v16.wav,mixed,accept_when_target_speaking,1.5,18.000,19.500,0.121640,10.682
recordings/windows/1p5s/whiplash_mixed_v16/window_0013.wav,whiplash_mixed_v16.wav,mixed,accept_when_target_speaking,1.5,19.500,21.000,0.116289,10.637
recordings/windows/1p5s/whiplash_mixed_v16/window_0014.wav,whiplash_mixed_v16.wav,mixed,accept_when_target_speaking,1.5,21.000,22.500,0.271000,10.715
recordings/windows/1p5s/whiplash_mixed_v16/window_0015.wav,whiplash_mixed_v16.wav,mixed,accept_when_target_speaking,1.5,22.500,24.000,0.079800,10.648
recordings/windows/1p5s/whiplash_mixed_v16/window_0016.wav,whiplash_mixed_v16.wav,mixed,accept_when_target_speaking,1.5,24.000,25.500,0.139958,10.591
recordings/windows/1p5s/whiplash_mixed_v16/window_0017.wav,whiplash_mixed_v16.wav,mixed,accept_when_target_speaking,1.5,25.500,27.000,0.156487,10.570
recordings/windows/1p5s/whiplash_mixed_v16/window_0018.wav,whiplash_mixed_v16.wav,mixed,accept_when_target_speaking,1.5,27.000,28.500,0.141457,10.608
recordings/windows/1p5s/whiplash_mixed_v16/window_0019.wav,whiplash_mixed_v16.wav,mixed,accept_when_target_speaking,1.5,28.500,30.000,0.181147,10.592
recordings/windows/1p5s/whiplash_mixed_v16/window_0020.wav,whiplash_mixed_v16.wav,mixed,accept_when_target_speaking,1.5,30.000,31.500,0.271129,10.690
recordings/windows/1p5s/whiplash_mixed_v16/window_0021.wav,whiplash_mixed_v16.wav,mixed,accept_when_target_speaking,1.5,31.500,33.000,0.109590,10.604
recordings/windows/1p5s/whiplash_mixed_v16/window_0022.wav,whiplash_mixed_v16.wav,mixed,accept_when_target_speaking,1.5,33.000,34.500,0.132996,10.830
recordings/windows/1p5s/whiplash_mixed_v16/window_0023.wav,whiplash_mixed_v16.wav,mixed,accept_when_target_speaking,1.5,34.500,36.000,0.307644,10.900
recordings/windows/1p5s/whiplash_mixed_v16/window_0024.wav,whiplash_mixed_v16.wav,mixed,accept_when_target_speaking,1.5,36.000,37.500,0.150448,11.360
recordings/windows/1p5s/whiplash_mixed_v16/window_0025.wav,whiplash_mixed_v16.wav,mixed,accept_when_target_speaking,1.5,37.500,39.000,0.174519,12.516
recordings/windows/2s/whiplash_mixed_v16/window_0000.wav,whiplash_mixed_v16.wav,mixed,accept_when_target_speaking,2,0.000,2.000,0.246083,14.363
recordings/windows/2s/whiplash_mixed_v16/window_0001.wav,whiplash_mixed_v16.wav,mixed,accept_when_target_speaking,2,2.000,4.000,0.291555,12.935
recordings/windows/2s/whiplash_mixed_v16/window_0002.wav,whiplash_mixed_v16.wav,mixed,accept_when_target_speaking,2,4.000,6.000,0.235550,13.144
recordings/windows/2s/whiplash_mixed_v16/window_0003.wav,whiplash_mixed_v16.wav,mixed,accept_when_target_speaking,2,6.000,8.000,0.321636,12.945
recordings/windows/2s/whiplash_mixed_v16/window_0004.wav,whiplash_mixed_v16.wav,mixed,accept_when_target_speaking,2,8.000,10.000,0.114152,12.959
recordings/windows/2s/whiplash_mixed_v16/window_0005.wav,whiplash_mixed_v16.wav,mixed,accept_when_target_speaking,2,10.000,12.000,0.238811,12.965
recordings/windows/2s/whiplash_mixed_v16/window_0006.wav,whiplash_mixed_v16.wav,mixed,accept_when_target_speaking,2,12.000,14.000,0.204106,12.844
recordings/windows/2s/whiplash_mixed_v16/window_0007.wav,whiplash_mixed_v16.wav,mixed,accept_when_target_speaking,2,14.000,16.000,0.093052,12.847
recordings/windows/2s/whiplash_mixed_v16/window_0008.wav,whiplash_mixed_v16.wav,mixed,accept_when_target_speaking,2,16.000,18.000,0.151705,12.802
recordings/windows/2s/whiplash_mixed_v16/window_0009.wav,whiplash_mixed_v16.wav,mixed,accept_when_target_speaking,2,18.000,20.000,0.124481,12.765
recordings/windows/2s/whiplash_mixed_v16/window_0010.wav,whiplash_mixed_v16.wav,mixed,accept_when_target_speaking,2,20.000,22.000,0.176203,13.012
recordings/windows/2s/whiplash_mixed_v16/window_0011.wav,whiplash_mixed_v16.wav,mixed,accept_when_target_speaking,2,22.000,24.000,0.229611,12.794
recordings/windows/2s/whiplash_mixed_v16/window_0012.wav,whiplash_mixed_v16.wav,mixed,accept_when_target_speaking,2,24.000,26.000,0.097829,12.854
recordings/windows/2s/whiplash_mixed_v16/window_0013.wav,whiplash_mixed_v16.wav,mixed,accept_when_target_speaking,2,26.000,28.000,0.081126,12.911
recordings/windows/2s/whiplash_mixed_v16/window_0014.wav,whiplash_mixed_v16.wav,mixed,accept_when_target_speaking,2,28.000,30.000,0.198841,12.812
recordings/windows/2s/whiplash_mixed_v16/window_0015.wav,whiplash_mixed_v16.wav,mixed,accept_when_target_speaking,2,30.000,32.000,0.378051,12.838
recordings/windows/2s/whiplash_mixed_v16/window_0016.wav,whiplash_mixed_v16.wav,mixed,accept_when_target_speaking,2,32.000,34.000,0.103737,12.808
recordings/windows/2s/whiplash_mixed_v16/window_0017.wav,whiplash_mixed_v16.wav,mixed,accept_when_target_speaking,2,34.000,36.000,0.322530,12.794
recordings/windows/2s/whiplash_mixed_v16/window_0018.wav,whiplash_mixed_v16.wav,mixed,accept_when_target_speaking,2,36.000,38.000,0.248941,12.823
recordings/windows/1s/whiplash_music_only_v05/window_0000.wav,whiplash_music_only_v05.wav,music_only,reject,1,0.000,1.000,-0.029429,9.529
recordings/windows/1s/whiplash_music_only_v05/window_0001.wav,whiplash_music_only_v05.wav,music_only,reject,1,1.000,2.000,-0.051867,9.585
recordings/windows/1s/whiplash_music_only_v05/window_0002.wav,whiplash_music_only_v05.wav,music_only,reject,1,2.000,3.000,-0.048720,9.554
recordings/windows/1s/whiplash_music_only_v05/window_0003.wav,whiplash_music_only_v05.wav,music_only,reject,1,3.000,4.000,-0.010027,9.547
recordings/windows/1s/whiplash_music_only_v05/window_0004.wav,whiplash_music_only_v05.wav,music_only,reject,1,4.000,5.000,-0.060013,9.590
recordings/windows/1s/whiplash_music_only_v05/window_0005.wav,whiplash_music_only_v05.wav,music_only,reject,1,5.000,6.000,-0.063847,9.454
recordings/windows/1s/whiplash_music_only_v05/window_0006.wav,whiplash_music_only_v05.wav,music_only,reject,1,6.000,7.000,-0.021819,9.497
recordings/windows/1s/whiplash_music_only_v05/window_0007.wav,whiplash_music_only_v05.wav,music_only,reject,1,7.000,8.000,-0.013088,9.457
recordings/windows/1s/whiplash_music_only_v05/window_0008.wav,whiplash_music_only_v05.wav,music_only,reject,1,8.000,9.000,-0.104760,9.517
recordings/windows/1s/whiplash_music_only_v05/window_0009.wav,whiplash_music_only_v05.wav,music_only,reject,1,9.000,10.000,0.101621,9.552
recordings/windows/1s/whiplash_music_only_v05/window_0010.wav,whiplash_music_only_v05.wav,music_only,reject,1,10.000,11.000,-0.067944,9.383
recordings/windows/1s/whiplash_music_only_v05/window_0011.wav,whiplash_music_only_v05.wav,music_only,reject,1,11.000,12.000,-0.012088,9.504
recordings/windows/1s/whiplash_music_only_v05/window_0012.wav,whiplash_music_only_v05.wav,music_only,reject,1,12.000,13.000,-0.073605,9.512
recordings/windows/1s/whiplash_music_only_v05/window_0013.wav,whiplash_music_only_v05.wav,music_only,reject,1,13.000,14.000,0.082168,9.456
recordings/windows/1s/whiplash_music_only_v05/window_0014.wav,whiplash_music_only_v05.wav,music_only,reject,1,14.000,15.000,-0.014886,9.485
recordings/windows/1s/whiplash_music_only_v05/window_0015.wav,whiplash_music_only_v05.wav,music_only,reject,1,15.000,16.000,-0.057202,9.465
recordings/windows/1s/whiplash_music_only_v05/window_0016.wav,whiplash_music_only_v05.wav,music_only,reject,1,16.000,17.000,-0.008273,9.533
recordings/windows/1s/whiplash_music_only_v05/window_0017.wav,whiplash_music_only_v05.wav,music_only,reject,1,17.000,18.000,-0.005773,9.554
recordings/windows/1s/whiplash_music_only_v05/window_0018.wav,whiplash_music_only_v05.wav,music_only,reject,1,18.000,19.000,0.088495,9.448
recordings/windows/1s/whiplash_music_only_v05/window_0019.wav,whiplash_music_only_v05.wav,music_only,reject,1,19.000,20.000,0.130433,9.511
recordings/windows/1s/whiplash_music_only_v05/window_0020.wav,whiplash_music_only_v05.wav,music_only,reject,1,20.000,21.000,0.102675,9.516
recordings/windows/1s/whiplash_music_only_v05/window_0021.wav,whiplash_music_only_v05.wav,music_only,reject,1,21.000,22.000,0.020957,9.521
recordings/windows/1s/whiplash_music_only_v05/window_0022.wav,whiplash_music_only_v05.wav,music_only,reject,1,22.000,23.000,0.036307,9.447
recordings/windows/1s/whiplash_music_only_v05/window_0023.wav,whiplash_music_only_v05.wav,music_only,reject,1,23.000,24.000,-0.044453,9.451
recordings/windows/1s/whiplash_music_only_v05/window_0024.wav,whiplash_music_only_v05.wav,music_only,reject,1,24.000,25.000,-0.020977,9.597
recordings/windows/1s/whiplash_music_only_v05/window_0025.wav,whiplash_music_only_v05.wav,music_only,reject,1,25.000,26.000,0.093279,9.504
recordings/windows/1s/whiplash_music_only_v05/window_0026.wav,whiplash_music_only_v05.wav,music_only,reject,1,26.000,27.000,-0.020961,9.510
recordings/windows/1s/whiplash_music_only_v05/window_0027.wav,whiplash_music_only_v05.wav,music_only,reject,1,27.000,28.000,-0.064418,9.543
recordings/windows/1s/whiplash_music_only_v05/window_0028.wav,whiplash_music_only_v05.wav,music_only,reject,1,28.000,29.000,-0.070694,9.470
recordings/windows/1s/whiplash_music_only_v05/window_0029.wav,whiplash_music_only_v05.wav,music_only,reject,1,29.000,30.000,-0.005718,9.963
recordings/windows/1s/whiplash_music_only_v05/window_0030.wav,whiplash_music_only_v05.wav,music_only,reject,1,30.000,31.000,-0.015647,9.880
recordings/windows/1s/whiplash_music_only_v05/window_0031.wav,whiplash_music_only_v05.wav,music_only,reject,1,31.000,32.000,-0.064686,9.514
recordings/windows/1s/whiplash_music_only_v05/window_0032.wav,whiplash_music_only_v05.wav,music_only,reject,1,32.000,33.000,-0.125213,9.443
recordings/windows/1s/whiplash_music_only_v05/window_0033.wav,whiplash_music_only_v05.wav,music_only,reject,1,33.000,34.000,-0.036894,9.602
recordings/windows/1p5s/whiplash_music_only_v05/window_0000.wav,whiplash_music_only_v05.wav,music_only,reject,1.5,0.000,1.500,-0.071863,11.009
recordings/windows/1p5s/whiplash_music_only_v05/window_0001.wav,whiplash_music_only_v05.wav,music_only,reject,1.5,1.500,3.000,-0.052914,10.834
recordings/windows/1p5s/whiplash_music_only_v05/window_0002.wav,whiplash_music_only_v05.wav,music_only,reject,1.5,3.000,4.500,-0.021169,11.114
recordings/windows/1p5s/whiplash_music_only_v05/window_0003.wav,whiplash_music_only_v05.wav,music_only,reject,1.5,4.500,6.000,-0.060511,10.803
recordings/windows/1p5s/whiplash_music_only_v05/window_0004.wav,whiplash_music_only_v05.wav,music_only,reject,1.5,6.000,7.500,-0.029568,10.702
recordings/windows/1p5s/whiplash_music_only_v05/window_0005.wav,whiplash_music_only_v05.wav,music_only,reject,1.5,7.500,9.000,-0.050649,10.830
recordings/windows/1p5s/whiplash_music_only_v05/window_0006.wav,whiplash_music_only_v05.wav,music_only,reject,1.5,9.000,10.500,0.042060,10.800
recordings/windows/1p5s/whiplash_music_only_v05/window_0007.wav,whiplash_music_only_v05.wav,music_only,reject,1.5,10.500,12.000,-0.022715,10.771
recordings/windows/1p5s/whiplash_music_only_v05/window_0008.wav,whiplash_music_only_v05.wav,music_only,reject,1.5,12.000,13.500,-0.074852,10.743
recordings/windows/1p5s/whiplash_music_only_v05/window_0009.wav,whiplash_music_only_v05.wav,music_only,reject,1.5,13.500,15.000,-0.018747,10.639
recordings/windows/1p5s/whiplash_music_only_v05/window_0010.wav,whiplash_music_only_v05.wav,music_only,reject,1.5,15.000,16.500,-0.054768,10.691
recordings/windows/1p5s/whiplash_music_only_v05/window_0011.wav,whiplash_music_only_v05.wav,music_only,reject,1.5,16.500,18.000,-0.014453,10.595
recordings/windows/1p5s/whiplash_music_only_v05/window_0012.wav,whiplash_music_only_v05.wav,music_only,reject,1.5,18.000,19.500,0.050896,10.644
recordings/windows/1p5s/whiplash_music_only_v05/window_0013.wav,whiplash_music_only_v05.wav,music_only,reject,1.5,19.500,21.000,0.095046,10.648
recordings/windows/1p5s/whiplash_music_only_v05/window_0014.wav,whiplash_music_only_v05.wav,music_only,reject,1.5,21.000,22.500,-0.078698,10.584
recordings/windows/1p5s/whiplash_music_only_v05/window_0015.wav,whiplash_music_only_v05.wav,music_only,reject,1.5,22.500,24.000,-0.032759,10.633
recordings/windows/1p5s/whiplash_music_only_v05/window_0016.wav,whiplash_music_only_v05.wav,music_only,reject,1.5,24.000,25.500,-0.041756,10.647
recordings/windows/1p5s/whiplash_music_only_v05/window_0017.wav,whiplash_music_only_v05.wav,music_only,reject,1.5,25.500,27.000,-0.009162,10.594
recordings/windows/1p5s/whiplash_music_only_v05/window_0018.wav,whiplash_music_only_v05.wav,music_only,reject,1.5,27.000,28.500,-0.064001,10.796
recordings/windows/1p5s/whiplash_music_only_v05/window_0019.wav,whiplash_music_only_v05.wav,music_only,reject,1.5,28.500,30.000,-0.070579,10.642
recordings/windows/1p5s/whiplash_music_only_v05/window_0020.wav,whiplash_music_only_v05.wav,music_only,reject,1.5,30.000,31.500,-0.002180,10.644
recordings/windows/1p5s/whiplash_music_only_v05/window_0021.wav,whiplash_music_only_v05.wav,music_only,reject,1.5,31.500,33.000,-0.019004,10.652
recordings/windows/1p5s/whiplash_music_only_v05/window_0022.wav,whiplash_music_only_v05.wav,music_only,reject,1.5,33.000,34.500,-0.028574,10.616
recordings/windows/2s/whiplash_music_only_v05/window_0000.wav,whiplash_music_only_v05.wav,music_only,reject,2,0.000,2.000,-0.069629,12.627
recordings/windows/2s/whiplash_music_only_v05/window_0001.wav,whiplash_music_only_v05.wav,music_only,reject,2,2.000,4.000,-0.029111,12.621
recordings/windows/2s/whiplash_music_only_v05/window_0002.wav,whiplash_music_only_v05.wav,music_only,reject,2,4.000,6.000,-0.079502,12.573
recordings/windows/2s/whiplash_music_only_v05/window_0003.wav,whiplash_music_only_v05.wav,music_only,reject,2,6.000,8.000,-0.014400,12.546
recordings/windows/2s/whiplash_music_only_v05/window_0004.wav,whiplash_music_only_v05.wav,music_only,reject,2,8.000,10.000,0.014525,12.686
recordings/windows/2s/whiplash_music_only_v05/window_0005.wav,whiplash_music_only_v05.wav,music_only,reject,2,10.000,12.000,-0.036061,12.624
recordings/windows/2s/whiplash_music_only_v05/window_0006.wav,whiplash_music_only_v05.wav,music_only,reject,2,12.000,14.000,-0.052004,12.587
recordings/windows/2s/whiplash_music_only_v05/window_0007.wav,whiplash_music_only_v05.wav,music_only,reject,2,14.000,16.000,-0.046309,12.585
recordings/windows/2s/whiplash_music_only_v05/window_0008.wav,whiplash_music_only_v05.wav,music_only,reject,2,16.000,18.000,-0.029902,12.563
recordings/windows/2s/whiplash_music_only_v05/window_0009.wav,whiplash_music_only_v05.wav,music_only,reject,2,18.000,20.000,0.069520,12.564
recordings/windows/2s/whiplash_music_only_v05/window_0010.wav,whiplash_music_only_v05.wav,music_only,reject,2,20.000,22.000,0.044089,12.652
recordings/windows/2s/whiplash_music_only_v05/window_0011.wav,whiplash_music_only_v05.wav,music_only,reject,2,22.000,24.000,-0.048380,12.710
recordings/windows/2s/whiplash_music_only_v05/window_0012.wav,whiplash_music_only_v05.wav,music_only,reject,2,24.000,26.000,-0.034955,12.538
recordings/windows/2s/whiplash_music_only_v05/window_0013.wav,whiplash_music_only_v05.wav,music_only,reject,2,26.000,28.000,0.005568,12.586
recordings/windows/2s/whiplash_music_only_v05/window_0014.wav,whiplash_music_only_v05.wav,music_only,reject,2,28.000,30.000,-0.057453,12.573
recordings/windows/2s/whiplash_music_only_v05/window_0015.wav,whiplash_music_only_v05.wav,music_only,reject,2,30.000,32.000,-0.023735,13.048
recordings/windows/2s/whiplash_music_only_v05/window_0016.wav,whiplash_music_only_v05.wav,music_only,reject,2,32.000,34.000,-0.094526,12.676
recordings/windows/1s/whiplash_music_only_v10/window_0000.wav,whiplash_music_only_v10.wav,music_only,reject,1,0.000,1.000,0.107533,9.622
recordings/windows/1s/whiplash_music_only_v10/window_0001.wav,whiplash_music_only_v10.wav,music_only,reject,1,1.000,2.000,0.027876,9.567
recordings/windows/1s/whiplash_music_only_v10/window_0002.wav,whiplash_music_only_v10.wav,music_only,reject,1,2.000,3.000,-0.091098,9.485
recordings/windows/1s/whiplash_music_only_v10/window_0003.wav,whiplash_music_only_v10.wav,music_only,reject,1,3.000,4.000,-0.072776,9.426
recordings/windows/1s/whiplash_music_only_v10/window_0004.wav,whiplash_music_only_v10.wav,music_only,reject,1,4.000,5.000,-0.050597,9.442
recordings/windows/1s/whiplash_music_only_v10/window_0005.wav,whiplash_music_only_v10.wav,music_only,reject,1,5.000,6.000,-0.065156,9.349
recordings/windows/1s/whiplash_music_only_v10/window_0006.wav,whiplash_music_only_v10.wav,music_only,reject,1,6.000,7.000,-0.066095,9.614
recordings/windows/1s/whiplash_music_only_v10/window_0007.wav,whiplash_music_only_v10.wav,music_only,reject,1,7.000,8.000,0.040098,9.537
recordings/windows/1s/whiplash_music_only_v10/window_0008.wav,whiplash_music_only_v10.wav,music_only,reject,1,8.000,9.000,0.081190,9.413
recordings/windows/1s/whiplash_music_only_v10/window_0009.wav,whiplash_music_only_v10.wav,music_only,reject,1,9.000,10.000,-0.057815,9.574
recordings/windows/1s/whiplash_music_only_v10/window_0010.wav,whiplash_music_only_v10.wav,music_only,reject,1,10.000,11.000,0.031683,9.418
recordings/windows/1s/whiplash_music_only_v10/window_0011.wav,whiplash_music_only_v10.wav,music_only,reject,1,11.000,12.000,0.018054,9.465
recordings/windows/1s/whiplash_music_only_v10/window_0012.wav,whiplash_music_only_v10.wav,music_only,reject,1,12.000,13.000,0.035400,9.553
recordings/windows/1s/whiplash_music_only_v10/window_0013.wav,whiplash_music_only_v10.wav,music_only,reject,1,13.000,14.000,-0.080431,9.508
recordings/windows/1s/whiplash_music_only_v10/window_0014.wav,whiplash_music_only_v10.wav,music_only,reject,1,14.000,15.000,-0.005999,9.408
recordings/windows/1s/whiplash_music_only_v10/window_0015.wav,whiplash_music_only_v10.wav,music_only,reject,1,15.000,16.000,0.130511,9.488
recordings/windows/1s/whiplash_music_only_v10/window_0016.wav,whiplash_music_only_v10.wav,music_only,reject,1,16.000,17.000,-0.084413,9.435
recordings/windows/1s/whiplash_music_only_v10/window_0017.wav,whiplash_music_only_v10.wav,music_only,reject,1,17.000,18.000,0.016151,9.543
recordings/windows/1s/whiplash_music_only_v10/window_0018.wav,whiplash_music_only_v10.wav,music_only,reject,1,18.000,19.000,0.008124,9.442
recordings/windows/1s/whiplash_music_only_v10/window_0019.wav,whiplash_music_only_v10.wav,music_only,reject,1,19.000,20.000,0.001826,9.575
recordings/windows/1s/whiplash_music_only_v10/window_0020.wav,whiplash_music_only_v10.wav,music_only,reject,1,20.000,21.000,0.049299,9.463
recordings/windows/1s/whiplash_music_only_v10/window_0021.wav,whiplash_music_only_v10.wav,music_only,reject,1,21.000,22.000,0.088440,9.466
recordings/windows/1s/whiplash_music_only_v10/window_0022.wav,whiplash_music_only_v10.wav,music_only,reject,1,22.000,23.000,-0.065429,9.406
recordings/windows/1s/whiplash_music_only_v10/window_0023.wav,whiplash_music_only_v10.wav,music_only,reject,1,23.000,24.000,-0.021982,9.438
recordings/windows/1s/whiplash_music_only_v10/window_0024.wav,whiplash_music_only_v10.wav,music_only,reject,1,24.000,25.000,-0.071516,9.457
recordings/windows/1s/whiplash_music_only_v10/window_0025.wav,whiplash_music_only_v10.wav,music_only,reject,1,25.000,26.000,-0.035362,9.474
recordings/windows/1s/whiplash_music_only_v10/window_0026.wav,whiplash_music_only_v10.wav,music_only,reject,1,26.000,27.000,0.080579,9.414
recordings/windows/1s/whiplash_music_only_v10/window_0027.wav,whiplash_music_only_v10.wav,music_only,reject,1,27.000,28.000,-0.023158,9.416
recordings/windows/1s/whiplash_music_only_v10/window_0028.wav,whiplash_music_only_v10.wav,music_only,reject,1,28.000,29.000,-0.090580,9.484
recordings/windows/1s/whiplash_music_only_v10/window_0029.wav,whiplash_music_only_v10.wav,music_only,reject,1,29.000,30.000,-0.075983,9.503
recordings/windows/1s/whiplash_music_only_v10/window_0030.wav,whiplash_music_only_v10.wav,music_only,reject,1,30.000,31.000,0.010918,9.435
recordings/windows/1s/whiplash_music_only_v10/window_0031.wav,whiplash_music_only_v10.wav,music_only,reject,1,31.000,32.000,-0.076035,9.449
recordings/windows/1s/whiplash_music_only_v10/window_0032.wav,whiplash_music_only_v10.wav,music_only,reject,1,32.000,33.000,-0.099733,9.508
recordings/windows/1s/whiplash_music_only_v10/window_0033.wav,whiplash_music_only_v10.wav,music_only,reject,1,33.000,34.000,-0.041289,9.558
recordings/windows/1p5s/whiplash_music_only_v10/window_0000.wav,whiplash_music_only_v10.wav,music_only,reject,1.5,0.000,1.500,0.081480,10.718
recordings/windows/1p5s/whiplash_music_only_v10/window_0001.wav,whiplash_music_only_v10.wav,music_only,reject,1.5,1.500,3.000,-0.073577,10.809
recordings/windows/1p5s/whiplash_music_only_v10/window_0002.wav,whiplash_music_only_v10.wav,music_only,reject,1.5,3.000,4.500,-0.054625,10.805
recordings/windows/1p5s/whiplash_music_only_v10/window_0003.wav,whiplash_music_only_v10.wav,music_only,reject,1.5,4.500,6.000,-0.104717,10.783
recordings/windows/1p5s/whiplash_music_only_v10/window_0004.wav,whiplash_music_only_v10.wav,music_only,reject,1.5,6.000,7.500,-0.061844,10.729
recordings/windows/1p5s/whiplash_music_only_v10/window_0005.wav,whiplash_music_only_v10.wav,music_only,reject,1.5,7.500,9.000,0.041746,10.887
recordings/windows/1p5s/whiplash_music_only_v10/window_0006.wav,whiplash_music_only_v10.wav,music_only,reject,1.5,9.000,10.500,-0.017032,10.916
recordings/windows/1p5s/whiplash_music_only_v10/window_0007.wav,whiplash_music_only_v10.wav,music_only,reject,1.5,10.500,12.000,0.003713,10.849
recordings/windows/1p5s/whiplash_music_only_v10/window_0008.wav,whiplash_music_only_v10.wav,music_only,reject,1.5,12.000,13.500,-0.062905,10.802
recordings/windows/1p5s/whiplash_music_only_v10/window_0009.wav,whiplash_music_only_v10.wav,music_only,reject,1.5,13.500,15.000,0.013366,10.813
recordings/windows/1p5s/whiplash_music_only_v10/window_0010.wav,whiplash_music_only_v10.wav,music_only,reject,1.5,15.000,16.500,0.026655,10.822
recordings/windows/1p5s/whiplash_music_only_v10/window_0011.wav,whiplash_music_only_v10.wav,music_only,reject,1.5,16.500,18.000,-0.011779,10.850
recordings/windows/1p5s/whiplash_music_only_v10/window_0012.wav,whiplash_music_only_v10.wav,music_only,reject,1.5,18.000,19.500,0.029490,10.894
recordings/windows/1p5s/whiplash_music_only_v10/window_0013.wav,whiplash_music_only_v10.wav,music_only,reject,1.5,19.500,21.000,0.137038,10.783
recordings/windows/1p5s/whiplash_music_only_v10/window_0014.wav,whiplash_music_only_v10.wav,music_only,reject,1.5,21.000,22.500,-0.004516,10.697
recordings/windows/1p5s/whiplash_music_only_v10/window_0015.wav,whiplash_music_only_v10.wav,music_only,reject,1.5,22.500,24.000,-0.067117,10.934
recordings/windows/1p5s/whiplash_music_only_v10/window_0016.wav,whiplash_music_only_v10.wav,music_only,reject,1.5,24.000,25.500,-0.082975,10.767
recordings/windows/1p5s/whiplash_music_only_v10/window_0017.wav,whiplash_music_only_v10.wav,music_only,reject,1.5,25.500,27.000,-0.014966,10.847
recordings/windows/1p5s/whiplash_music_only_v10/window_0018.wav,whiplash_music_only_v10.wav,music_only,reject,1.5,27.000,28.500,-0.025107,10.961
recordings/windows/1p5s/whiplash_music_only_v10/window_0019.wav,whiplash_music_only_v10.wav,music_only,reject,1.5,28.500,30.000,-0.094679,10.875
recordings/windows/1p5s/whiplash_music_only_v10/window_0020.wav,whiplash_music_only_v10.wav,music_only,reject,1.5,30.000,31.500,-0.002673,10.848
recordings/windows/1p5s/whiplash_music_only_v10/window_0021.wav,whiplash_music_only_v10.wav,music_only,reject,1.5,31.500,33.000,-0.055196,11.473
recordings/windows/1p5s/whiplash_music_only_v10/window_0022.wav,whiplash_music_only_v10.wav,music_only,reject,1.5,33.000,34.500,-0.063975,10.993
recordings/windows/2s/whiplash_music_only_v10/window_0000.wav,whiplash_music_only_v10.wav,music_only,reject,2,0.000,2.000,0.042037,12.755
recordings/windows/2s/whiplash_music_only_v10/window_0001.wav,whiplash_music_only_v10.wav,music_only,reject,2,2.000,4.000,-0.080226,12.875
recordings/windows/2s/whiplash_music_only_v10/window_0002.wav,whiplash_music_only_v10.wav,music_only,reject,2,4.000,6.000,-0.070168,12.932
recordings/windows/2s/whiplash_music_only_v10/window_0003.wav,whiplash_music_only_v10.wav,music_only,reject,2,6.000,8.000,-0.005989,12.953
recordings/windows/2s/whiplash_music_only_v10/window_0004.wav,whiplash_music_only_v10.wav,music_only,reject,2,8.000,10.000,-0.011431,12.924
recordings/windows/2s/whiplash_music_only_v10/window_0005.wav,whiplash_music_only_v10.wav,music_only,reject,2,10.000,12.000,0.026214,12.713
recordings/windows/2s/whiplash_music_only_v10/window_0006.wav,whiplash_music_only_v10.wav,music_only,reject,2,12.000,14.000,-0.060824,12.630
recordings/windows/2s/whiplash_music_only_v10/window_0007.wav,whiplash_music_only_v10.wav,music_only,reject,2,14.000,16.000,0.060210,12.596
recordings/windows/2s/whiplash_music_only_v10/window_0008.wav,whiplash_music_only_v10.wav,music_only,reject,2,16.000,18.000,-0.034655,12.660
recordings/windows/2s/whiplash_music_only_v10/window_0009.wav,whiplash_music_only_v10.wav,music_only,reject,2,18.000,20.000,0.014753,12.611
recordings/windows/2s/whiplash_music_only_v10/window_0010.wav,whiplash_music_only_v10.wav,music_only,reject,2,20.000,22.000,0.071664,12.593
recordings/windows/2s/whiplash_music_only_v10/window_0011.wav,whiplash_music_only_v10.wav,music_only,reject,2,22.000,24.000,-0.057067,12.629
recordings/windows/2s/whiplash_music_only_v10/window_0012.wav,whiplash_music_only_v10.wav,music_only,reject,2,24.000,26.000,-0.096606,12.551
recordings/windows/2s/whiplash_music_only_v10/window_0013.wav,whiplash_music_only_v10.wav,music_only,reject,2,26.000,28.000,0.001757,12.603
recordings/windows/2s/whiplash_music_only_v10/window_0014.wav,whiplash_music_only_v10.wav,music_only,reject,2,28.000,30.000,-0.129969,12.584
recordings/windows/2s/whiplash_music_only_v10/window_0015.wav,whiplash_music_only_v10.wav,music_only,reject,2,30.000,32.000,0.001172,12.545
recordings/windows/2s/whiplash_music_only_v10/window_0016.wav,whiplash_music_only_v10.wav,music_only,reject,2,32.000,34.000,-0.046633,12.561
recordings/windows/1s/whiplash_music_only_v16/window_0000.wav,whiplash_music_only_v16.wav,music_only,reject,1,0.000,1.000,-0.010969,9.347
recordings/windows/1s/whiplash_music_only_v16/window_0001.wav,whiplash_music_only_v16.wav,music_only,reject,1,1.000,2.000,-0.129162,9.417
recordings/windows/1s/whiplash_music_only_v16/window_0002.wav,whiplash_music_only_v16.wav,music_only,reject,1,2.000,3.000,-0.041498,9.302
recordings/windows/1s/whiplash_music_only_v16/window_0003.wav,whiplash_music_only_v16.wav,music_only,reject,1,3.000,4.000,-0.000910,9.273
recordings/windows/1s/whiplash_music_only_v16/window_0004.wav,whiplash_music_only_v16.wav,music_only,reject,1,4.000,5.000,-0.073773,9.244
recordings/windows/1s/whiplash_music_only_v16/window_0005.wav,whiplash_music_only_v16.wav,music_only,reject,1,5.000,6.000,-0.054561,9.259
recordings/windows/1s/whiplash_music_only_v16/window_0006.wav,whiplash_music_only_v16.wav,music_only,reject,1,6.000,7.000,-0.011861,9.240
recordings/windows/1s/whiplash_music_only_v16/window_0007.wav,whiplash_music_only_v16.wav,music_only,reject,1,7.000,8.000,-0.019877,9.276
recordings/windows/1s/whiplash_music_only_v16/window_0008.wav,whiplash_music_only_v16.wav,music_only,reject,1,8.000,9.000,-0.025707,9.208
recordings/windows/1s/whiplash_music_only_v16/window_0009.wav,whiplash_music_only_v16.wav,music_only,reject,1,9.000,10.000,0.127563,9.261
recordings/windows/1s/whiplash_music_only_v16/window_0010.wav,whiplash_music_only_v16.wav,music_only,reject,1,10.000,11.000,0.016354,9.279
recordings/windows/1s/whiplash_music_only_v16/window_0011.wav,whiplash_music_only_v16.wav,music_only,reject,1,11.000,12.000,0.034551,9.252
recordings/windows/1s/whiplash_music_only_v16/window_0012.wav,whiplash_music_only_v16.wav,music_only,reject,1,12.000,13.000,-0.075623,9.218
recordings/windows/1s/whiplash_music_only_v16/window_0013.wav,whiplash_music_only_v16.wav,music_only,reject,1,13.000,14.000,-0.092019,9.246
recordings/windows/1s/whiplash_music_only_v16/window_0014.wav,whiplash_music_only_v16.wav,music_only,reject,1,14.000,15.000,0.024646,9.229
recordings/windows/1s/whiplash_music_only_v16/window_0015.wav,whiplash_music_only_v16.wav,music_only,reject,1,15.000,16.000,-0.036719,9.240
recordings/windows/1s/whiplash_music_only_v16/window_0016.wav,whiplash_music_only_v16.wav,music_only,reject,1,16.000,17.000,-0.088960,9.220
recordings/windows/1s/whiplash_music_only_v16/window_0017.wav,whiplash_music_only_v16.wav,music_only,reject,1,17.000,18.000,0.002194,9.225
recordings/windows/1s/whiplash_music_only_v16/window_0018.wav,whiplash_music_only_v16.wav,music_only,reject,1,18.000,19.000,0.011145,9.285
recordings/windows/1s/whiplash_music_only_v16/window_0019.wav,whiplash_music_only_v16.wav,music_only,reject,1,19.000,20.000,0.119337,9.272
recordings/windows/1s/whiplash_music_only_v16/window_0020.wav,whiplash_music_only_v16.wav,music_only,reject,1,20.000,21.000,-0.002937,9.245
recordings/windows/1s/whiplash_music_only_v16/window_0021.wav,whiplash_music_only_v16.wav,music_only,reject,1,21.000,22.000,0.081543,9.294
recordings/windows/1s/whiplash_music_only_v16/window_0022.wav,whiplash_music_only_v16.wav,music_only,reject,1,22.000,23.000,0.006529,9.240
recordings/windows/1s/whiplash_music_only_v16/window_0023.wav,whiplash_music_only_v16.wav,music_only,reject,1,23.000,24.000,0.006595,9.268
recordings/windows/1s/whiplash_music_only_v16/window_0024.wav,whiplash_music_only_v16.wav,music_only,reject,1,24.000,25.000,-0.058351,9.268
recordings/windows/1s/whiplash_music_only_v16/window_0025.wav,whiplash_music_only_v16.wav,music_only,reject,1,25.000,26.000,-0.026585,9.238
recordings/windows/1s/whiplash_music_only_v16/window_0026.wav,whiplash_music_only_v16.wav,music_only,reject,1,26.000,27.000,-0.004952,9.692
recordings/windows/1s/whiplash_music_only_v16/window_0027.wav,whiplash_music_only_v16.wav,music_only,reject,1,27.000,28.000,0.011784,9.459
recordings/windows/1s/whiplash_music_only_v16/window_0028.wav,whiplash_music_only_v16.wav,music_only,reject,1,28.000,29.000,-0.084009,9.388
recordings/windows/1s/whiplash_music_only_v16/window_0029.wav,whiplash_music_only_v16.wav,music_only,reject,1,29.000,30.000,-0.068725,9.676
recordings/windows/1s/whiplash_music_only_v16/window_0030.wav,whiplash_music_only_v16.wav,music_only,reject,1,30.000,31.000,-0.019552,9.456
recordings/windows/1s/whiplash_music_only_v16/window_0031.wav,whiplash_music_only_v16.wav,music_only,reject,1,31.000,32.000,-0.062155,9.505
recordings/windows/1s/whiplash_music_only_v16/window_0032.wav,whiplash_music_only_v16.wav,music_only,reject,1,32.000,33.000,-0.007530,9.514
recordings/windows/1s/whiplash_music_only_v16/window_0033.wav,whiplash_music_only_v16.wav,music_only,reject,1,33.000,34.000,0.020992,9.450
recordings/windows/1p5s/whiplash_music_only_v16/window_0000.wav,whiplash_music_only_v16.wav,music_only,reject,1.5,0.000,1.500,-0.024972,10.743
recordings/windows/1p5s/whiplash_music_only_v16/window_0001.wav,whiplash_music_only_v16.wav,music_only,reject,1.5,1.500,3.000,-0.078735,10.754
recordings/windows/1p5s/whiplash_music_only_v16/window_0002.wav,whiplash_music_only_v16.wav,music_only,reject,1.5,3.000,4.500,-0.012061,10.971
recordings/windows/1p5s/whiplash_music_only_v16/window_0003.wav,whiplash_music_only_v16.wav,music_only,reject,1.5,4.500,6.000,-0.056897,10.886
recordings/windows/1p5s/whiplash_music_only_v16/window_0004.wav,whiplash_music_only_v16.wav,music_only,reject,1.5,6.000,7.500,0.035971,10.933
recordings/windows/1p5s/whiplash_music_only_v16/window_0005.wav,whiplash_music_only_v16.wav,music_only,reject,1.5,7.500,9.000,-0.053294,10.930
recordings/windows/1p5s/whiplash_music_only_v16/window_0006.wav,whiplash_music_only_v16.wav,music_only,reject,1.5,9.000,10.500,0.137437,10.847
recordings/windows/1p5s/whiplash_music_only_v16/window_0007.wav,whiplash_music_only_v16.wav,music_only,reject,1.5,10.500,12.000,0.044626,10.793
recordings/windows/1p5s/whiplash_music_only_v16/window_0008.wav,whiplash_music_only_v16.wav,music_only,reject,1.5,12.000,13.500,-0.078495,10.825
recordings/windows/1p5s/whiplash_music_only_v16/window_0009.wav,whiplash_music_only_v16.wav,music_only,reject,1.5,13.500,15.000,0.016849,10.854
recordings/windows/1p5s/whiplash_music_only_v16/window_0010.wav,whiplash_music_only_v16.wav,music_only,reject,1.5,15.000,16.500,-0.060321,10.935
recordings/windows/1p5s/whiplash_music_only_v16/window_0011.wav,whiplash_music_only_v16.wav,music_only,reject,1.5,16.500,18.000,-0.026251,11.007
recordings/windows/1p5s/whiplash_music_only_v16/window_0012.wav,whiplash_music_only_v16.wav,music_only,reject,1.5,18.000,19.500,0.050672,10.950
recordings/windows/1p5s/whiplash_music_only_v16/window_0013.wav,whiplash_music_only_v16.wav,music_only,reject,1.5,19.500,21.000,0.018376,10.866
recordings/windows/1p5s/whiplash_music_only_v16/window_0014.wav,whiplash_music_only_v16.wav,music_only,reject,1.5,21.000,22.500,0.034735,10.824
recordings/windows/1p5s/whiplash_music_only_v16/window_0015.wav,whiplash_music_only_v16.wav,music_only,reject,1.5,22.500,24.000,-0.007106,10.932
recordings/windows/1p5s/whiplash_music_only_v16/window_0016.wav,whiplash_music_only_v16.wav,music_only,reject,1.5,24.000,25.500,-0.067871,10.820
recordings/windows/1p5s/whiplash_music_only_v16/window_0017.wav,whiplash_music_only_v16.wav,music_only,reject,1.5,25.500,27.000,0.071667,10.851
recordings/windows/1p5s/whiplash_music_only_v16/window_0018.wav,whiplash_music_only_v16.wav,music_only,reject,1.5,27.000,28.500,-0.002730,10.965
recordings/windows/1p5s/whiplash_music_only_v16/window_0019.wav,whiplash_music_only_v16.wav,music_only,reject,1.5,28.500,30.000,-0.071365,10.824
recordings/windows/1p5s/whiplash_music_only_v16/window_0020.wav,whiplash_music_only_v16.wav,music_only,reject,1.5,30.000,31.500,-0.020164,10.714
recordings/windows/1p5s/whiplash_music_only_v16/window_0021.wav,whiplash_music_only_v16.wav,music_only,reject,1.5,31.500,33.000,-0.018241,10.895
recordings/windows/2s/whiplash_music_only_v16/window_0000.wav,whiplash_music_only_v16.wav,music_only,reject,2,0.000,2.000,-0.022388,12.752
recordings/windows/2s/whiplash_music_only_v16/window_0001.wav,whiplash_music_only_v16.wav,music_only,reject,2,2.000,4.000,-0.033109,12.809
recordings/windows/2s/whiplash_music_only_v16/window_0002.wav,whiplash_music_only_v16.wav,music_only,reject,2,4.000,6.000,-0.066855,12.946
recordings/windows/2s/whiplash_music_only_v16/window_0003.wav,whiplash_music_only_v16.wav,music_only,reject,2,6.000,8.000,0.021703,12.756
recordings/windows/2s/whiplash_music_only_v16/window_0004.wav,whiplash_music_only_v16.wav,music_only,reject,2,8.000,10.000,0.020195,12.835
recordings/windows/2s/whiplash_music_only_v16/window_0005.wav,whiplash_music_only_v16.wav,music_only,reject,2,10.000,12.000,0.013589,12.742
recordings/windows/2s/whiplash_music_only_v16/window_0006.wav,whiplash_music_only_v16.wav,music_only,reject,2,12.000,14.000,-0.052299,12.846
recordings/windows/2s/whiplash_music_only_v16/window_0007.wav,whiplash_music_only_v16.wav,music_only,reject,2,14.000,16.000,-0.044296,12.790
recordings/windows/2s/whiplash_music_only_v16/window_0008.wav,whiplash_music_only_v16.wav,music_only,reject,2,16.000,18.000,-0.049596,12.889
recordings/windows/2s/whiplash_music_only_v16/window_0009.wav,whiplash_music_only_v16.wav,music_only,reject,2,18.000,20.000,0.007452,12.825
recordings/windows/2s/whiplash_music_only_v16/window_0010.wav,whiplash_music_only_v16.wav,music_only,reject,2,20.000,22.000,-0.031936,12.680
recordings/windows/2s/whiplash_music_only_v16/window_0011.wav,whiplash_music_only_v16.wav,music_only,reject,2,22.000,24.000,-0.016289,12.802
recordings/windows/2s/whiplash_music_only_v16/window_0012.wav,whiplash_music_only_v16.wav,music_only,reject,2,24.000,26.000,-0.055489,13.013
recordings/windows/2s/whiplash_music_only_v16/window_0013.wav,whiplash_music_only_v16.wav,music_only,reject,2,26.000,28.000,-0.013175,12.745
recordings/windows/2s/whiplash_music_only_v16/window_0014.wav,whiplash_music_only_v16.wav,music_only,reject,2,28.000,30.000,-0.098886,12.782
recordings/windows/2s/whiplash_music_only_v16/window_0015.wav,whiplash_music_only_v16.wav,music_only,reject,2,30.000,32.000,-0.033972,12.916
recordings/windows/2s/whiplash_music_only_v16/window_0016.wav,whiplash_music_only_v16.wav,music_only,reject,2,32.000,34.000,-0.037152,12.802
